id,USERID,DEPARTMENT,TIMESTAMPS,EVENTID,TERMINALSN,ACCESSMETHOD,REMARKS,TERMINALIP,PHOTO,PHOTOSIZE,RECLOGDTM,RECLOGFROMIP,LOCAL_TIMESTAMP,PhotoPath
682750,Unknown User,,2016-07-28 10:37:29.000,CASE-IS-OPENED,00111DA0ECC0,RDOOR,"#RDOOR# ",00111DA0ECC0,NULL,0,2016-07-28 13:37:30.000,10.0.170.250,2016-07-28 13:37:29.000,NULL
683175,Unknown User,,2016-07-30 06:20:35.000,CASE-IS-CLOSED,00111DA0ECC0,RDOOR,"#RDOOR# ",00111DA0ECC0,NULL,0,2016-07-30 09:33:40.000,10.0.170.250,2016-07-30 09:20:35.000,NULL
683188,Unknown User,,2016-07-30 06:52:16.000,CASE-IS-OPENED,00111DA0ECC0,RDOOR,"#RDOOR# ",00111DA0ECC0,NULL,0,2016-07-30 09:52:17.000,10.0.170.250,2016-07-30 09:52:16.000,NULL
684642,Unknown User,,2016-07-31 10:03:30.000,CASE-IS-OPENED,00111DA0ECC0,RDOOR,"#RDOOR# ",00111DA0ECC0,NULL,0,2016-07-31 13:19:46.000,10.0.170.250,2016-07-31 13:03:30.000,NULL
684643,Unknown User,,2016-07-31 10:03:49.000,CASE-IS-CLOSED,00111DA0ECC0,RDOOR,"#RDOOR# ",00111DA0ECC0,NULL,0,2016-07-31 13:19:46.000,10.0.170.250,2016-07-31 13:03:49.000,NULL
684644,Unknown User,,2016-07-31 10:03:51.000,CASE-IS-OPENED,00111DA0ECC0,RDOOR,"#RDOOR# ",00111DA0ECC0,NULL,0,2016-07-31 13:19:47.000,10.0.170.250,2016-07-31 13:03:51.000,NULL
684645,Unknown User,,2016-07-31 10:03:54.000,CASE-IS-CLOSED,00111DA0ECC0,RDOOR,"#RDOOR# ",00111DA0ECC0,NULL,0,2016-07-31 13:19:47.000,10.0.170.250,2016-07-31 13:03:54.000,NULL
684646,Unknown User,,2016-07-31 10:04:07.000,CASE-IS-OPENED,00111DA0ECC0,RDOOR,"#RDOOR# ",00111DA0ECC0,NULL,0,2016-07-31 13:19:47.000,10.0.170.250,2016-07-31 13:04:07.000,NULL
684647,Unknown User,,2016-07-31 10:04:15.000,CASE-IS-CLOSED,00111DA0ECC0,RDOOR,"#RDOOR# ",00111DA0ECC0,NULL,0,2016-07-31 13:19:47.000,10.0.170.250,2016-07-31 13:04:15.000,NULL
684648,Unknown User,,2016-07-31 10:04:55.000,CASE-IS-OPENED,00111DA0ECC0,RDOOR,"#RDOOR# ",00111DA0ECC0,NULL,0,2016-07-31 13:19:47.000,10.0.170.250,2016-07-31 13:04:55.000,NULL
684649,Unknown User,,2016-07-31 10:05:20.000,CASE-IS-CLOSED,00111DA0ECC0,RDOOR,"#RDOOR# ",00111DA0ECC0,NULL,0,2016-07-31 13:19:47.000,10.0.170.250,2016-07-31 13:05:20.000,NULL
684650,Unknown User,,2016-07-31 10:05:34.000,CASE-IS-OPENED,00111DA0ECC0,RDOOR,"#RDOOR# ",00111DA0ECC0,NULL,0,2016-07-31 13:19:47.000,10.0.170.250,2016-07-31 13:05:34.000,NULL
684651,Unknown User,,2016-07-31 10:05:36.000,CASE-IS-CLOSED,00111DA0ECC0,RDOOR,"#RDOOR# ",00111DA0ECC0,NULL,0,2016-07-31 13:19:47.000,10.0.170.250,2016-07-31 13:05:36.000,NULL
684652,Unknown User,,2016-07-31 10:05:37.000,CASE-IS-OPENED,00111DA0ECC0,RDOOR,"#RDOOR# ",00111DA0ECC0,NULL,0,2016-07-31 13:19:47.000,10.0.170.250,2016-07-31 13:05:37.000,NULL
684653,Unknown User,,2016-07-31 10:05:38.000,CASE-IS-CLOSED,00111DA0ECC0,RDOOR,"#RDOOR# ",00111DA0ECC0,NULL,0,2016-07-31 13:19:47.000,10.0.170.250,2016-07-31 13:05:38.000,NULL
684654,Unknown User,,2016-07-31 10:05:39.000,CASE-IS-OPENED,00111DA0ECC0,RDOOR,"#RDOOR# ",00111DA0ECC0,NULL,0,2016-07-31 13:19:47.000,10.0.170.250,2016-07-31 13:05:39.000,NULL
684655,Unknown User,,2016-07-31 10:05:41.000,CASE-IS-CLOSED,00111DA0ECC0,RDOOR,"#RDOOR# ",00111DA0ECC0,NULL,0,2016-07-31 13:19:47.000,10.0.170.250,2016-07-31 13:05:41.000,NULL
684656,Unknown User,,2016-07-31 10:05:44.000,CASE-IS-OPENED,00111DA0ECC0,RDOOR,"#RDOOR# ",00111DA0ECC0,NULL,0,2016-07-31 13:19:47.000,10.0.170.250,2016-07-31 13:05:44.000,NULL
684657,Unknown User,,2016-07-31 10:05:49.000,CASE-IS-CLOSED,00111DA0ECC0,RDOOR,"#RDOOR# ",00111DA0ECC0,NULL,0,2016-07-31 13:19:47.000,10.0.170.250,2016-07-31 13:05:49.000,NULL
684658,Unknown User,,2016-07-31 10:05:58.000,CASE-IS-OPENED,00111DA0ECC0,RDOOR,"#RDOOR# ",00111DA0ECC0,NULL,0,2016-07-31 13:19:47.000,10.0.170.250,2016-07-31 13:05:58.000,NULL
684659,Unknown User,,2016-07-31 10:06:01.000,CASE-IS-CLOSED,00111DA0ECC0,RDOOR,"#RDOOR# ",00111DA0ECC0,NULL,0,2016-07-31 13:19:47.000,10.0.170.250,2016-07-31 13:06:01.000,NULL
684660,Unknown User,,2016-07-31 10:06:03.000,CASE-IS-OPENED,00111DA0ECC0,RDOOR,"#RDOOR# ",00111DA0ECC0,NULL,0,2016-07-31 13:19:47.000,10.0.170.250,2016-07-31 13:06:03.000,NULL
684661,Unknown User,,2016-07-31 10:06:05.000,CASE-IS-CLOSED,00111DA0ECC0,RDOOR,"#RDOOR# ",00111DA0ECC0,NULL,0,2016-07-31 13:19:47.000,10.0.170.250,2016-07-31 13:06:05.000,NULL
684662,Unknown User,,2016-07-31 10:06:06.000,CASE-IS-OPENED,00111DA0ECC0,RDOOR,"#RDOOR# ",00111DA0ECC0,NULL,0,2016-07-31 13:19:48.000,10.0.170.250,2016-07-31 13:06:06.000,NULL
684663,Unknown User,,2016-07-31 10:06:34.000,CASE-IS-CLOSED,00111DA0ECC0,RDOOR,"#RDOOR# ",00111DA0ECC0,NULL,0,2016-07-31 13:19:48.000,10.0.170.250,2016-07-31 13:06:34.000,NULL
684825,Unknown User,,2016-07-31 10:56:48.000,CASE-IS-OPENED,00111DA0ED7D,RDOOR,"#RDOOR# ",00111DA0ED7D,NULL,0,2016-07-31 13:56:49.000,10.0.170.250,2016-07-31 13:56:48.000,NULL
684827,Unknown User,,2016-07-31 10:56:50.000,CASE-IS-CLOSED,00111DA0ED7D,RDOOR,"#RDOOR# ",00111DA0ED7D,NULL,0,2016-07-31 13:56:50.000,10.0.170.250,2016-07-31 13:56:50.000,NULL
547676,Unknown User,,2016-06-21 06:37:07.000,OUT,00111DA0ED95,FP,"#FP# ",00111DA0ED95,NULL,0,2016-06-21 09:37:11.000,10.0.170.250,2016-06-21 09:37:07.000,NULL
679970,Unknown User,,2016-07-25 10:08:20.000,CASE-IS-OPENED,00111DA0EDAD,RDOOR,"#RDOOR# ",00111DA0EDAD,NULL,0,2016-07-25 13:08:23.000,10.0.170.250,2016-07-25 13:08:20.000,NULL
679972,Unknown User,,2016-07-25 10:14:46.000,CASE-IS-CLOSED,00111DA0EDAD,RDOOR,"#RDOOR# ",00111DA0EDAD,NULL,0,2016-07-25 13:14:50.000,10.0.170.250,2016-07-25 13:14:46.000,NULL
679973,Unknown User,,2016-07-25 10:14:48.000,CASE-IS-OPENED,00111DA0EDAD,RDOOR,"#RDOOR# ",00111DA0EDAD,NULL,0,2016-07-25 13:14:51.000,10.0.170.250,2016-07-25 13:14:48.000,NULL
679974,Unknown User,,2016-07-25 10:14:54.000,CASE-IS-CLOSED,00111DA0EDAD,RDOOR,"#RDOOR# ",00111DA0EDAD,NULL,0,2016-07-25 13:14:57.000,10.0.170.250,2016-07-25 13:14:54.000,NULL
679975,Unknown User,,2016-07-25 10:15:18.000,CASE-IS-OPENED,00111DA0EDAD,RDOOR,"#RDOOR# ",00111DA0EDAD,NULL,0,2016-07-25 13:15:22.000,10.0.170.250,2016-07-25 13:15:18.000,NULL
679976,Unknown User,,2016-07-25 10:15:37.000,CASE-IS-CLOSED,00111DA0EDAD,RDOOR,"#RDOOR# ",00111DA0EDAD,NULL,0,2016-07-25 13:16:10.000,10.0.170.250,2016-07-25 13:15:37.000,NULL
680688,Unknown User,,2016-07-25 10:15:56.000,CASE-IS-OPENED,00111DA0EDAD,RDOOR,"#RDOOR# ",00111DA0EDAD,NULL,0,2016-07-26 09:06:58.000,10.0.170.250,2016-07-25 13:15:56.000,NULL
680689,Unknown User,,2016-07-26 06:06:58.000,CASE-IS-CLOSED,00111DA0EDAD,RDOOR,"#RDOOR# ",00111DA0EDAD,NULL,0,2016-07-26 09:06:59.000,10.0.170.250,2016-07-26 09:06:58.000,NULL
680690,Unknown User,,2016-07-26 06:07:00.000,CASE-IS-OPENED,00111DA0EDAD,RDOOR,"#RDOOR# ",00111DA0EDAD,NULL,0,2016-07-26 09:07:00.000,10.0.170.250,2016-07-26 09:07:00.000,NULL
680848,Unknown User,,2016-07-26 08:10:35.000,CASE-IS-CLOSED,00111DA0EDAD,RDOOR,"#RDOOR# ",00111DA0EDAD,NULL,0,2016-07-26 11:10:38.000,10.0.170.250,2016-07-26 11:10:35.000,NULL
680849,Unknown User,,2016-07-26 08:10:37.000,CASE-IS-OPENED,00111DA0EDAD,RDOOR,"#RDOOR# ",00111DA0EDAD,NULL,0,2016-07-26 11:10:40.000,10.0.170.250,2016-07-26 11:10:37.000,NULL
680892,Unknown User,,2016-07-26 08:45:07.000,CASE-IS-CLOSED,00111DA0EDAD,RDOOR,"#RDOOR# ",00111DA0EDAD,NULL,0,2016-07-26 11:45:11.000,10.0.170.250,2016-07-26 11:45:07.000,NULL
680893,Unknown User,,2016-07-26 08:45:09.000,CASE-IS-OPENED,00111DA0EDAD,RDOOR,"#RDOOR# ",00111DA0EDAD,NULL,0,2016-07-26 11:45:12.000,10.0.170.250,2016-07-26 11:45:09.000,NULL
682188,Unknown User,,2016-07-28 04:10:17.000,CASE-IS-CLOSED,00111DA0EDAD,RDOOR,"#RDOOR# ",00111DA0EDAD,NULL,0,2016-07-28 07:10:18.000,10.0.170.250,2016-07-28 07:10:17.000,NULL
682189,Unknown User,,2016-07-28 04:10:19.000,CASE-IS-OPENED,00111DA0EDAD,RDOOR,"#RDOOR# ",00111DA0EDAD,NULL,0,2016-07-28 07:10:20.000,10.0.170.250,2016-07-28 07:10:19.000,NULL
682190,Unknown User,,2016-07-28 04:10:20.000,CASE-IS-CLOSED,00111DA0EDAD,RDOOR,"#RDOOR# ",00111DA0EDAD,NULL,0,2016-07-28 07:10:21.000,10.0.170.250,2016-07-28 07:10:20.000,NULL
682191,Unknown User,,2016-07-28 04:10:22.000,CASE-IS-OPENED,00111DA0EDAD,RDOOR,"#RDOOR# ",00111DA0EDAD,NULL,0,2016-07-28 07:10:22.000,10.0.170.250,2016-07-28 07:10:22.000,NULL
682192,Unknown User,,2016-07-28 04:10:24.000,CASE-IS-CLOSED,00111DA0EDAD,RDOOR,"#RDOOR# ",00111DA0EDAD,NULL,0,2016-07-28 07:10:25.000,10.0.170.250,2016-07-28 07:10:24.000,NULL
682193,Unknown User,,2016-07-28 04:10:26.000,CASE-IS-OPENED,00111DA0EDAD,RDOOR,"#RDOOR# ",00111DA0EDAD,NULL,0,2016-07-28 07:10:27.000,10.0.170.250,2016-07-28 07:10:26.000,NULL
682194,Unknown User,,2016-07-28 04:10:27.000,CASE-IS-CLOSED,00111DA0EDAD,RDOOR,"#RDOOR# ",00111DA0EDAD,NULL,0,2016-07-28 07:10:28.000,10.0.170.250,2016-07-28 07:10:27.000,NULL
682195,Unknown User,,2016-07-28 04:10:29.000,CASE-IS-OPENED,00111DA0EDAD,RDOOR,"#RDOOR# ",00111DA0EDAD,NULL,0,2016-07-28 07:10:29.000,10.0.170.250,2016-07-28 07:10:29.000,NULL
682205,Unknown User,,2016-07-28 04:15:07.000,CASE-IS-CLOSED,00111DA0EDAD,RDOOR,"#RDOOR# ",00111DA0EDAD,NULL,0,2016-07-28 07:15:08.000,10.0.170.250,2016-07-28 07:15:07.000,NULL
682206,Unknown User,,2016-07-28 04:15:08.000,CASE-IS-OPENED,00111DA0EDAD,RDOOR,"#RDOOR# ",00111DA0EDAD,NULL,0,2016-07-28 07:15:09.000,10.0.170.250,2016-07-28 07:15:08.000,NULL
682482,Unknown User,,2016-07-28 07:37:26.000,CASE-IS-CLOSED,00111DA0EDAD,RDOOR,"#RDOOR# ",00111DA0EDAD,NULL,0,2016-07-28 10:37:30.000,10.0.170.250,2016-07-28 10:37:26.000,NULL
682483,Unknown User,,2016-07-28 07:37:28.000,CASE-IS-OPENED,00111DA0EDAD,RDOOR,"#RDOOR# ",00111DA0EDAD,NULL,0,2016-07-28 10:37:31.000,10.0.170.250,2016-07-28 10:37:28.000,NULL
682484,Unknown User,,2016-07-28 07:37:30.000,CASE-IS-CLOSED,00111DA0EDAD,RDOOR,"#RDOOR# ",00111DA0EDAD,NULL,0,2016-07-28 10:37:34.000,10.0.170.250,2016-07-28 10:37:30.000,NULL
682485,Unknown User,,2016-07-28 07:37:32.000,CASE-IS-OPENED,00111DA0EDAD,RDOOR,"#RDOOR# ",00111DA0EDAD,NULL,0,2016-07-28 10:37:35.000,10.0.170.250,2016-07-28 10:37:32.000,NULL
682496,Unknown User,,2016-07-28 07:41:09.000,CASE-IS-CLOSED,00111DA0EDAD,RDOOR,"#RDOOR# ",00111DA0EDAD,NULL,0,2016-07-28 10:41:12.000,10.0.170.250,2016-07-28 10:41:09.000,NULL
682497,Unknown User,,2016-07-28 07:41:10.000,CASE-IS-OPENED,00111DA0EDAD,RDOOR,"#RDOOR# ",00111DA0EDAD,NULL,0,2016-07-28 10:41:14.000,10.0.170.250,2016-07-28 10:41:10.000,NULL
682525,Unknown User,,2016-07-28 08:03:55.000,CASE-IS-CLOSED,00111DA0EDAD,RDOOR,"#RDOOR# ",00111DA0EDAD,NULL,0,2016-07-28 11:03:59.000,10.0.170.250,2016-07-28 11:03:55.000,NULL
682526,Unknown User,,2016-07-28 08:03:57.000,CASE-IS-OPENED,00111DA0EDAD,RDOOR,"#RDOOR# ",00111DA0EDAD,NULL,0,2016-07-28 11:04:01.000,10.0.170.250,2016-07-28 11:03:57.000,NULL
683005,Unknown User,,2016-07-28 17:56:37.000,CASE-IS-CLOSED,00111DA0EDAD,RDOOR,"#RDOOR# ",00111DA0EDAD,NULL,0,2016-07-28 20:56:38.000,10.0.170.250,2016-07-28 20:56:37.000,NULL
683006,Unknown User,,2016-07-28 17:56:38.000,CASE-IS-OPENED,00111DA0EDAD,RDOOR,"#RDOOR# ",00111DA0EDAD,NULL,0,2016-07-28 20:56:39.000,10.0.170.250,2016-07-28 20:56:38.000,NULL
683375,Unknown User,,2016-07-31 03:20:14.000,CASE-IS-CLOSED,00111DA0EDAD,RDOOR,"#RDOOR# ",00111DA0EDAD,NULL,0,2016-07-31 06:20:15.000,10.0.170.250,2016-07-31 06:20:14.000,NULL
683376,Unknown User,,2016-07-31 03:20:16.000,CASE-IS-OPENED,00111DA0EDAD,RDOOR,"#RDOOR# ",00111DA0EDAD,NULL,0,2016-07-31 06:20:17.000,10.0.170.250,2016-07-31 06:20:16.000,NULL
683377,Unknown User,,2016-07-31 03:20:18.000,CASE-IS-CLOSED,00111DA0EDAD,RDOOR,"#RDOOR# ",00111DA0EDAD,NULL,0,2016-07-31 06:20:20.000,10.0.170.250,2016-07-31 06:20:18.000,NULL
683379,Unknown User,,2016-07-31 03:20:20.000,CASE-IS-OPENED,00111DA0EDAD,RDOOR,"#RDOOR# ",00111DA0EDAD,NULL,0,2016-07-31 06:20:21.000,10.0.170.250,2016-07-31 06:20:20.000,NULL
683380,Unknown User,,2016-07-31 03:20:21.000,CASE-IS-CLOSED,00111DA0EDAD,RDOOR,"#RDOOR# ",00111DA0EDAD,NULL,0,2016-07-31 06:20:22.000,10.0.170.250,2016-07-31 06:20:21.000,NULL
683382,Unknown User,,2016-07-31 03:20:23.000,CASE-IS-OPENED,00111DA0EDAD,RDOOR,"#RDOOR# ",00111DA0EDAD,NULL,0,2016-07-31 06:20:24.000,10.0.170.250,2016-07-31 06:20:23.000,NULL
683398,Unknown User,,2016-07-31 03:27:25.000,CASE-IS-CLOSED,00111DA0EDAD,RDOOR,"#RDOOR# ",00111DA0EDAD,NULL,0,2016-07-31 06:27:27.000,10.0.170.250,2016-07-31 06:27:25.000,NULL
683399,Unknown User,,2016-07-31 03:27:27.000,CASE-IS-OPENED,00111DA0EDAD,RDOOR,"#RDOOR# ",00111DA0EDAD,NULL,0,2016-07-31 06:27:28.000,10.0.170.250,2016-07-31 06:27:27.000,NULL
683405,Unknown User,,2016-07-31 03:29:37.000,CASE-IS-CLOSED,00111DA0EDAD,RDOOR,"#RDOOR# ",00111DA0EDAD,NULL,0,2016-07-31 06:29:39.000,10.0.170.250,2016-07-31 06:29:37.000,NULL
683406,Unknown User,,2016-07-31 03:29:39.000,CASE-IS-OPENED,00111DA0EDAD,RDOOR,"#RDOOR# ",00111DA0EDAD,NULL,0,2016-07-31 06:29:40.000,10.0.170.250,2016-07-31 06:29:39.000,NULL
683427,Unknown User,,2016-07-31 03:35:07.000,CASE-IS-CLOSED,00111DA0EDAD,RDOOR,"#RDOOR# ",00111DA0EDAD,NULL,0,2016-07-31 06:35:08.000,10.0.170.250,2016-07-31 06:35:07.000,NULL
683428,Unknown User,,2016-07-31 03:35:08.000,CASE-IS-OPENED,00111DA0EDAD,RDOOR,"#RDOOR# ",00111DA0EDAD,NULL,0,2016-07-31 06:35:09.000,10.0.170.250,2016-07-31 06:35:08.000,NULL
683429,Unknown User,,2016-07-31 03:35:11.000,CASE-IS-CLOSED,00111DA0EDAD,RDOOR,"#RDOOR# ",00111DA0EDAD,NULL,0,2016-07-31 06:35:12.000,10.0.170.250,2016-07-31 06:35:11.000,NULL
683430,Unknown User,,2016-07-31 03:35:14.000,CASE-IS-OPENED,00111DA0EDAD,RDOOR,"#RDOOR# ",00111DA0EDAD,NULL,0,2016-07-31 06:35:16.000,10.0.170.250,2016-07-31 06:35:14.000,NULL
683437,Unknown User,,2016-07-31 03:36:23.000,CASE-IS-CLOSED,00111DA0EDAD,RDOOR,"#RDOOR# ",00111DA0EDAD,NULL,0,2016-07-31 06:36:25.000,10.0.170.250,2016-07-31 06:36:23.000,NULL
683438,Unknown User,,2016-07-31 03:36:25.000,CASE-IS-OPENED,00111DA0EDAD,RDOOR,"#RDOOR# ",00111DA0EDAD,NULL,0,2016-07-31 06:36:26.000,10.0.170.250,2016-07-31 06:36:25.000,NULL
683439,Unknown User,,2016-07-31 03:36:27.000,CASE-IS-CLOSED,00111DA0EDAD,RDOOR,"#RDOOR# ",00111DA0EDAD,NULL,0,2016-07-31 06:36:28.000,10.0.170.250,2016-07-31 06:36:27.000,NULL
683440,Unknown User,,2016-07-31 03:36:28.000,CASE-IS-OPENED,00111DA0EDAD,RDOOR,"#RDOOR# ",00111DA0EDAD,NULL,0,2016-07-31 06:36:29.000,10.0.170.250,2016-07-31 06:36:28.000,NULL
683441,Unknown User,,2016-07-31 03:36:36.000,CASE-IS-CLOSED,00111DA0EDAD,RDOOR,"#RDOOR# ",00111DA0EDAD,NULL,0,2016-07-31 06:36:39.000,10.0.170.250,2016-07-31 06:36:36.000,NULL
683442,Unknown User,,2016-07-31 03:36:39.000,CASE-IS-OPENED,00111DA0EDAD,RDOOR,"#RDOOR# ",00111DA0EDAD,NULL,0,2016-07-31 06:36:40.000,10.0.170.250,2016-07-31 06:36:39.000,NULL
683443,Unknown User,,2016-07-31 03:36:41.000,CASE-IS-CLOSED,00111DA0EDAD,RDOOR,"#RDOOR# ",00111DA0EDAD,NULL,0,2016-07-31 06:36:43.000,10.0.170.250,2016-07-31 06:36:41.000,NULL
683444,Unknown User,,2016-07-31 03:36:44.000,CASE-IS-OPENED,00111DA0EDAD,RDOOR,"#RDOOR# ",00111DA0EDAD,NULL,0,2016-07-31 06:36:45.000,10.0.170.250,2016-07-31 06:36:44.000,NULL
683445,Unknown User,,2016-07-31 03:36:46.000,CASE-IS-CLOSED,00111DA0EDAD,RDOOR,"#RDOOR# ",00111DA0EDAD,NULL,0,2016-07-31 06:36:47.000,10.0.170.250,2016-07-31 06:36:46.000,NULL
683446,Unknown User,,2016-07-31 03:36:48.000,CASE-IS-OPENED,00111DA0EDAD,RDOOR,"#RDOOR# ",00111DA0EDAD,NULL,0,2016-07-31 06:36:49.000,10.0.170.250,2016-07-31 06:36:48.000,NULL
683483,Unknown User,,2016-07-31 03:45:01.000,CASE-IS-CLOSED,00111DA0EDAD,RDOOR,"#RDOOR# ",00111DA0EDAD,NULL,0,2016-07-31 06:45:05.000,10.0.170.250,2016-07-31 06:45:01.000,NULL
683484,Unknown User,,2016-07-31 03:45:05.000,CASE-IS-OPENED,00111DA0EDAD,RDOOR,"#RDOOR# ",00111DA0EDAD,NULL,0,2016-07-31 06:45:06.000,10.0.170.250,2016-07-31 06:45:05.000,NULL
683485,Unknown User,,2016-07-31 03:45:07.000,CASE-IS-CLOSED,00111DA0EDAD,RDOOR,"#RDOOR# ",00111DA0EDAD,NULL,0,2016-07-31 06:45:08.000,10.0.170.250,2016-07-31 06:45:07.000,NULL
683486,Unknown User,,2016-07-31 03:45:08.000,CASE-IS-OPENED,00111DA0EDAD,RDOOR,"#RDOOR# ",00111DA0EDAD,NULL,0,2016-07-31 06:45:10.000,10.0.170.250,2016-07-31 06:45:08.000,NULL
683524,Unknown User,,2016-07-31 03:53:29.000,CASE-IS-CLOSED,00111DA0EDAD,RDOOR,"#RDOOR# ",00111DA0EDAD,NULL,0,2016-07-31 06:53:30.000,10.0.170.250,2016-07-31 06:53:29.000,NULL
683525,Unknown User,,2016-07-31 03:53:31.000,CASE-IS-OPENED,00111DA0EDAD,RDOOR,"#RDOOR# ",00111DA0EDAD,NULL,0,2016-07-31 06:53:32.000,10.0.170.250,2016-07-31 06:53:31.000,NULL
683621,Unknown User,,2016-07-31 04:05:55.000,CASE-IS-CLOSED,00111DA0EDAD,RDOOR,"#RDOOR# ",00111DA0EDAD,NULL,0,2016-07-31 07:05:56.000,10.0.170.250,2016-07-31 07:05:55.000,NULL
683622,Unknown User,,2016-07-31 04:05:57.000,CASE-IS-OPENED,00111DA0EDAD,RDOOR,"#RDOOR# ",00111DA0EDAD,NULL,0,2016-07-31 07:05:57.000,10.0.170.250,2016-07-31 07:05:57.000,NULL
683625,Unknown User,,2016-07-31 04:06:06.000,CASE-IS-CLOSED,00111DA0EDAD,RDOOR,"#RDOOR# ",00111DA0EDAD,NULL,0,2016-07-31 07:06:07.000,10.0.170.250,2016-07-31 07:06:06.000,NULL
683626,Unknown User,,2016-07-31 04:06:08.000,CASE-IS-OPENED,00111DA0EDAD,RDOOR,"#RDOOR# ",00111DA0EDAD,NULL,0,2016-07-31 07:06:08.000,10.0.170.250,2016-07-31 07:06:08.000,NULL
683630,Unknown User,,2016-07-31 04:06:26.000,CASE-IS-CLOSED,00111DA0EDAD,RDOOR,"#RDOOR# ",00111DA0EDAD,NULL,0,2016-07-31 07:06:27.000,10.0.170.250,2016-07-31 07:06:26.000,NULL
683631,Unknown User,,2016-07-31 04:06:27.000,CASE-IS-OPENED,00111DA0EDAD,RDOOR,"#RDOOR# ",00111DA0EDAD,NULL,0,2016-07-31 07:06:28.000,10.0.170.250,2016-07-31 07:06:27.000,NULL
683633,Unknown User,,2016-07-31 04:06:29.000,CASE-IS-CLOSED,00111DA0EDAD,RDOOR,"#RDOOR# ",00111DA0EDAD,NULL,0,2016-07-31 07:06:32.000,10.0.170.250,2016-07-31 07:06:29.000,NULL
683634,Unknown User,,2016-07-31 04:06:33.000,CASE-IS-OPENED,00111DA0EDAD,RDOOR,"#RDOOR# ",00111DA0EDAD,NULL,0,2016-07-31 07:06:35.000,10.0.170.250,2016-07-31 07:06:33.000,NULL
683639,Unknown User,,2016-07-31 04:06:55.000,CASE-IS-CLOSED,00111DA0EDAD,RDOOR,"#RDOOR# ",00111DA0EDAD,NULL,0,2016-07-31 07:06:56.000,10.0.170.250,2016-07-31 07:06:55.000,NULL
683641,Unknown User,,2016-07-31 04:06:56.000,CASE-IS-OPENED,00111DA0EDAD,RDOOR,"#RDOOR# ",00111DA0EDAD,NULL,0,2016-07-31 07:06:57.000,10.0.170.250,2016-07-31 07:06:56.000,NULL
683643,Unknown User,,2016-07-31 04:06:58.000,CASE-IS-CLOSED,00111DA0EDAD,RDOOR,"#RDOOR# ",00111DA0EDAD,NULL,0,2016-07-31 07:06:59.000,10.0.170.250,2016-07-31 07:06:58.000,NULL
683645,Unknown User,,2016-07-31 04:07:00.000,CASE-IS-OPENED,00111DA0EDAD,RDOOR,"#RDOOR# ",00111DA0EDAD,NULL,0,2016-07-31 07:07:00.000,10.0.170.250,2016-07-31 07:07:00.000,NULL
683646,Unknown User,,2016-07-31 04:07:01.000,CASE-IS-CLOSED,00111DA0EDAD,RDOOR,"#RDOOR# ",00111DA0EDAD,NULL,0,2016-07-31 07:07:01.000,10.0.170.250,2016-07-31 07:07:01.000,NULL
683647,Unknown User,,2016-07-31 04:07:04.000,CASE-IS-OPENED,00111DA0EDAD,RDOOR,"#RDOOR# ",00111DA0EDAD,NULL,0,2016-07-31 07:07:06.000,10.0.170.250,2016-07-31 07:07:04.000,NULL
683649,Unknown User,,2016-07-31 04:07:12.000,CASE-IS-CLOSED,00111DA0EDAD,RDOOR,"#RDOOR# ",00111DA0EDAD,NULL,0,2016-07-31 07:07:13.000,10.0.170.250,2016-07-31 07:07:12.000,NULL
683650,Unknown User,,2016-07-31 04:07:14.000,CASE-IS-OPENED,00111DA0EDAD,RDOOR,"#RDOOR# ",00111DA0EDAD,NULL,0,2016-07-31 07:07:15.000,10.0.170.250,2016-07-31 07:07:14.000,NULL
683651,Unknown User,,2016-07-31 04:07:15.000,CASE-IS-CLOSED,00111DA0EDAD,RDOOR,"#RDOOR# ",00111DA0EDAD,NULL,0,2016-07-31 07:07:16.000,10.0.170.250,2016-07-31 07:07:15.000,NULL
683652,Unknown User,,2016-07-31 04:07:17.000,CASE-IS-OPENED,00111DA0EDAD,RDOOR,"#RDOOR# ",00111DA0EDAD,NULL,0,2016-07-31 07:07:18.000,10.0.170.250,2016-07-31 07:07:17.000,NULL
683653,Unknown User,,2016-07-31 04:07:19.000,CASE-IS-CLOSED,00111DA0EDAD,RDOOR,"#RDOOR# ",00111DA0EDAD,NULL,0,2016-07-31 07:07:20.000,10.0.170.250,2016-07-31 07:07:19.000,NULL
683655,Unknown User,,2016-07-31 04:07:21.000,CASE-IS-OPENED,00111DA0EDAD,RDOOR,"#RDOOR# ",00111DA0EDAD,NULL,0,2016-07-31 07:07:22.000,10.0.170.250,2016-07-31 07:07:21.000,NULL
683657,Unknown User,,2016-07-31 04:07:26.000,CASE-IS-CLOSED,00111DA0EDAD,RDOOR,"#RDOOR# ",00111DA0EDAD,NULL,0,2016-07-31 07:07:27.000,10.0.170.250,2016-07-31 07:07:26.000,NULL
683658,Unknown User,,2016-07-31 04:07:27.000,CASE-IS-OPENED,00111DA0EDAD,RDOOR,"#RDOOR# ",00111DA0EDAD,NULL,0,2016-07-31 07:07:28.000,10.0.170.250,2016-07-31 07:07:27.000,NULL
683659,Unknown User,,2016-07-31 04:07:29.000,CASE-IS-CLOSED,00111DA0EDAD,RDOOR,"#RDOOR# ",00111DA0EDAD,NULL,0,2016-07-31 07:07:30.000,10.0.170.250,2016-07-31 07:07:29.000,NULL
683661,Unknown User,,2016-07-31 04:07:32.000,CASE-IS-OPENED,00111DA0EDAD,RDOOR,"#RDOOR# ",00111DA0EDAD,NULL,0,2016-07-31 07:07:34.000,10.0.170.250,2016-07-31 07:07:32.000,NULL
683662,Unknown User,,2016-07-31 04:07:41.000,CASE-IS-CLOSED,00111DA0EDAD,RDOOR,"#RDOOR# ",00111DA0EDAD,NULL,0,2016-07-31 07:07:42.000,10.0.170.250,2016-07-31 07:07:41.000,NULL
683664,Unknown User,,2016-07-31 04:07:43.000,CASE-IS-OPENED,00111DA0EDAD,RDOOR,"#RDOOR# ",00111DA0EDAD,NULL,0,2016-07-31 07:07:44.000,10.0.170.250,2016-07-31 07:07:43.000,NULL
683665,Unknown User,,2016-07-31 04:07:45.000,CASE-IS-CLOSED,00111DA0EDAD,RDOOR,"#RDOOR# ",00111DA0EDAD,NULL,0,2016-07-31 07:07:47.000,10.0.170.250,2016-07-31 07:07:45.000,NULL
683666,Unknown User,,2016-07-31 04:07:48.000,CASE-IS-OPENED,00111DA0EDAD,RDOOR,"#RDOOR# ",00111DA0EDAD,NULL,0,2016-07-31 07:07:49.000,10.0.170.250,2016-07-31 07:07:48.000,NULL
683669,Unknown User,,2016-07-31 04:07:58.000,CASE-IS-CLOSED,00111DA0EDAD,RDOOR,"#RDOOR# ",00111DA0EDAD,NULL,0,2016-07-31 07:07:59.000,10.0.170.250,2016-07-31 07:07:58.000,NULL
683670,Unknown User,,2016-07-31 04:08:00.000,CASE-IS-OPENED,00111DA0EDAD,RDOOR,"#RDOOR# ",00111DA0EDAD,NULL,0,2016-07-31 07:08:00.000,10.0.170.250,2016-07-31 07:08:00.000,NULL
683672,Unknown User,,2016-07-31 04:08:02.000,CASE-IS-CLOSED,00111DA0EDAD,RDOOR,"#RDOOR# ",00111DA0EDAD,NULL,0,2016-07-31 07:08:04.000,10.0.170.250,2016-07-31 07:08:02.000,NULL
683674,Unknown User,,2016-07-31 04:08:05.000,CASE-IS-OPENED,00111DA0EDAD,RDOOR,"#RDOOR# ",00111DA0EDAD,NULL,0,2016-07-31 07:08:07.000,10.0.170.250,2016-07-31 07:08:05.000,NULL
683683,Unknown User,,2016-07-31 04:08:45.000,CASE-IS-CLOSED,00111DA0EDAD,RDOOR,"#RDOOR# ",00111DA0EDAD,NULL,0,2016-07-31 07:08:46.000,10.0.170.250,2016-07-31 07:08:45.000,NULL
683684,Unknown User,,2016-07-31 04:08:46.000,CASE-IS-OPENED,00111DA0EDAD,RDOOR,"#RDOOR# ",00111DA0EDAD,NULL,0,2016-07-31 07:08:47.000,10.0.170.250,2016-07-31 07:08:46.000,NULL
683685,Unknown User,,2016-07-31 04:08:48.000,CASE-IS-CLOSED,00111DA0EDAD,RDOOR,"#RDOOR# ",00111DA0EDAD,NULL,0,2016-07-31 07:08:49.000,10.0.170.250,2016-07-31 07:08:48.000,NULL
683691,Unknown User,,2016-07-31 04:08:53.000,CASE-IS-OPENED,00111DA0EDAD,RDOOR,"#RDOOR# ",00111DA0EDAD,NULL,0,2016-07-31 07:08:55.000,10.0.170.250,2016-07-31 07:08:53.000,NULL
683693,Unknown User,,2016-07-31 04:08:58.000,CASE-IS-CLOSED,00111DA0EDAD,RDOOR,"#RDOOR# ",00111DA0EDAD,NULL,0,2016-07-31 07:09:00.000,10.0.170.250,2016-07-31 07:08:58.000,NULL
683694,Unknown User,,2016-07-31 04:09:00.000,CASE-IS-OPENED,00111DA0EDAD,RDOOR,"#RDOOR# ",00111DA0EDAD,NULL,0,2016-07-31 07:09:02.000,10.0.170.250,2016-07-31 07:09:00.000,NULL
683695,Unknown User,,2016-07-31 04:09:01.000,CASE-IS-CLOSED,00111DA0EDAD,RDOOR,"#RDOOR# ",00111DA0EDAD,NULL,0,2016-07-31 07:09:03.000,10.0.170.250,2016-07-31 07:09:01.000,NULL
683696,Unknown User,,2016-07-31 04:09:03.000,CASE-IS-OPENED,00111DA0EDAD,RDOOR,"#RDOOR# ",00111DA0EDAD,NULL,0,2016-07-31 07:09:05.000,10.0.170.250,2016-07-31 07:09:03.000,NULL
683699,Unknown User,,2016-07-31 04:09:09.000,CASE-IS-CLOSED,00111DA0EDAD,RDOOR,"#RDOOR# ",00111DA0EDAD,NULL,0,2016-07-31 07:09:10.000,10.0.170.250,2016-07-31 07:09:09.000,NULL
683700,Unknown User,,2016-07-31 04:09:11.000,CASE-IS-OPENED,00111DA0EDAD,RDOOR,"#RDOOR# ",00111DA0EDAD,NULL,0,2016-07-31 07:09:12.000,10.0.170.250,2016-07-31 07:09:11.000,NULL
683701,Unknown User,,2016-07-31 04:09:13.000,CASE-IS-CLOSED,00111DA0EDAD,RDOOR,"#RDOOR# ",00111DA0EDAD,NULL,0,2016-07-31 07:09:15.000,10.0.170.250,2016-07-31 07:09:13.000,NULL
683702,Unknown User,,2016-07-31 04:09:16.000,CASE-IS-OPENED,00111DA0EDAD,RDOOR,"#RDOOR# ",00111DA0EDAD,NULL,0,2016-07-31 07:09:17.000,10.0.170.250,2016-07-31 07:09:16.000,NULL
683706,Unknown User,,2016-07-31 04:10:17.000,CASE-IS-CLOSED,00111DA0EDAD,RDOOR,"#RDOOR# ",00111DA0EDAD,NULL,0,2016-07-31 07:10:18.000,10.0.170.250,2016-07-31 07:10:17.000,NULL
683708,Unknown User,,2016-07-31 04:10:20.000,CASE-IS-OPENED,00111DA0EDAD,RDOOR,"#RDOOR# ",00111DA0EDAD,NULL,0,2016-07-31 07:10:21.000,10.0.170.250,2016-07-31 07:10:20.000,NULL
683711,Unknown User,,2016-07-31 04:10:27.000,CASE-IS-CLOSED,00111DA0EDAD,RDOOR,"#RDOOR# ",00111DA0EDAD,NULL,0,2016-07-31 07:10:28.000,10.0.170.250,2016-07-31 07:10:27.000,NULL
683712,Unknown User,,2016-07-31 04:10:29.000,CASE-IS-OPENED,00111DA0EDAD,RDOOR,"#RDOOR# ",00111DA0EDAD,NULL,0,2016-07-31 07:10:30.000,10.0.170.250,2016-07-31 07:10:29.000,NULL
683713,Unknown User,,2016-07-31 04:10:32.000,CASE-IS-CLOSED,00111DA0EDAD,RDOOR,"#RDOOR# ",00111DA0EDAD,NULL,0,2016-07-31 07:10:34.000,10.0.170.250,2016-07-31 07:10:32.000,NULL
683715,Unknown User,,2016-07-31 04:10:35.000,CASE-IS-OPENED,00111DA0EDAD,RDOOR,"#RDOOR# ",00111DA0EDAD,NULL,0,2016-07-31 07:10:36.000,10.0.170.250,2016-07-31 07:10:35.000,NULL
683718,Unknown User,,2016-07-31 04:10:51.000,CASE-IS-CLOSED,00111DA0EDAD,RDOOR,"#RDOOR# ",00111DA0EDAD,NULL,0,2016-07-31 07:10:52.000,10.0.170.250,2016-07-31 07:10:51.000,NULL
683719,Unknown User,,2016-07-31 04:10:52.000,CASE-IS-OPENED,00111DA0EDAD,RDOOR,"#RDOOR# ",00111DA0EDAD,NULL,0,2016-07-31 07:10:53.000,10.0.170.250,2016-07-31 07:10:52.000,NULL
683720,Unknown User,,2016-07-31 04:10:54.000,CASE-IS-CLOSED,00111DA0EDAD,RDOOR,"#RDOOR# ",00111DA0EDAD,NULL,0,2016-07-31 07:10:56.000,10.0.170.250,2016-07-31 07:10:54.000,NULL
683724,Unknown User,,2016-07-31 04:10:58.000,CASE-IS-OPENED,00111DA0EDAD,RDOOR,"#RDOOR# ",00111DA0EDAD,NULL,0,2016-07-31 07:11:00.000,10.0.170.250,2016-07-31 07:10:58.000,NULL
683748,Unknown User,,2016-07-31 04:13:56.000,CASE-IS-CLOSED,00111DA0EDAD,RDOOR,"#RDOOR# ",00111DA0EDAD,NULL,0,2016-07-31 07:13:58.000,10.0.170.250,2016-07-31 07:13:56.000,NULL
683750,Unknown User,,2016-07-31 04:13:58.000,CASE-IS-OPENED,00111DA0EDAD,RDOOR,"#RDOOR# ",00111DA0EDAD,NULL,0,2016-07-31 07:13:59.000,10.0.170.250,2016-07-31 07:13:58.000,NULL
683752,Unknown User,,2016-07-31 04:14:03.000,CASE-IS-CLOSED,00111DA0EDAD,RDOOR,"#RDOOR# ",00111DA0EDAD,NULL,0,2016-07-31 07:14:04.000,10.0.170.250,2016-07-31 07:14:03.000,NULL
683753,Unknown User,,2016-07-31 04:14:04.000,CASE-IS-OPENED,00111DA0EDAD,RDOOR,"#RDOOR# ",00111DA0EDAD,NULL,0,2016-07-31 07:14:05.000,10.0.170.250,2016-07-31 07:14:04.000,NULL
683756,Unknown User,,2016-07-31 04:14:13.000,CASE-IS-CLOSED,00111DA0EDAD,RDOOR,"#RDOOR# ",00111DA0EDAD,NULL,0,2016-07-31 07:14:14.000,10.0.170.250,2016-07-31 07:14:13.000,NULL
683757,Unknown User,,2016-07-31 04:14:14.000,CASE-IS-OPENED,00111DA0EDAD,RDOOR,"#RDOOR# ",00111DA0EDAD,NULL,0,2016-07-31 07:14:15.000,10.0.170.250,2016-07-31 07:14:14.000,NULL
683758,Unknown User,,2016-07-31 04:14:16.000,CASE-IS-CLOSED,00111DA0EDAD,RDOOR,"#RDOOR# ",00111DA0EDAD,NULL,0,2016-07-31 07:14:17.000,10.0.170.250,2016-07-31 07:14:16.000,NULL
683759,Unknown User,,2016-07-31 04:14:17.000,CASE-IS-OPENED,00111DA0EDAD,RDOOR,"#RDOOR# ",00111DA0EDAD,NULL,0,2016-07-31 07:14:18.000,10.0.170.250,2016-07-31 07:14:17.000,NULL
683772,Unknown User,,2016-07-31 04:15:35.000,CASE-IS-CLOSED,00111DA0EDAD,RDOOR,"#RDOOR# ",00111DA0EDAD,NULL,0,2016-07-31 07:15:36.000,10.0.170.250,2016-07-31 07:15:35.000,NULL
683773,Unknown User,,2016-07-31 04:15:36.000,CASE-IS-OPENED,00111DA0EDAD,RDOOR,"#RDOOR# ",00111DA0EDAD,NULL,0,2016-07-31 07:15:37.000,10.0.170.250,2016-07-31 07:15:36.000,NULL
683782,Unknown User,,2016-07-31 04:17:02.000,CASE-IS-CLOSED,00111DA0EDAD,RDOOR,"#RDOOR# ",00111DA0EDAD,NULL,0,2016-07-31 07:17:04.000,10.0.170.250,2016-07-31 07:17:02.000,NULL
683783,Unknown User,,2016-07-31 04:17:04.000,CASE-IS-OPENED,00111DA0EDAD,RDOOR,"#RDOOR# ",00111DA0EDAD,NULL,0,2016-07-31 07:17:05.000,10.0.170.250,2016-07-31 07:17:04.000,NULL
683789,Unknown User,,2016-07-31 04:17:56.000,CASE-IS-CLOSED,00111DA0EDAD,RDOOR,"#RDOOR# ",00111DA0EDAD,NULL,0,2016-07-31 07:17:58.000,10.0.170.250,2016-07-31 07:17:56.000,NULL
683791,Unknown User,,2016-07-31 04:17:58.000,CASE-IS-OPENED,00111DA0EDAD,RDOOR,"#RDOOR# ",00111DA0EDAD,NULL,0,2016-07-31 07:18:00.000,10.0.170.250,2016-07-31 07:17:58.000,NULL
683792,Unknown User,,2016-07-31 04:18:01.000,CASE-IS-CLOSED,00111DA0EDAD,RDOOR,"#RDOOR# ",00111DA0EDAD,NULL,0,2016-07-31 07:18:02.000,10.0.170.250,2016-07-31 07:18:01.000,NULL
683794,Unknown User,,2016-07-31 04:18:08.000,CASE-IS-OPENED,00111DA0EDAD,RDOOR,"#RDOOR# ",00111DA0EDAD,NULL,0,2016-07-31 07:18:08.000,10.0.170.250,2016-07-31 07:18:08.000,NULL
683810,Unknown User,,2016-07-31 04:19:12.000,CASE-IS-CLOSED,00111DA0EDAD,RDOOR,"#RDOOR# ",00111DA0EDAD,NULL,0,2016-07-31 07:19:13.000,10.0.170.250,2016-07-31 07:19:12.000,NULL
683812,Unknown User,,2016-07-31 04:19:13.000,CASE-IS-OPENED,00111DA0EDAD,RDOOR,"#RDOOR# ",00111DA0EDAD,NULL,0,2016-07-31 07:19:14.000,10.0.170.250,2016-07-31 07:19:13.000,NULL
683828,Unknown User,,2016-07-31 04:22:23.000,CASE-IS-CLOSED,00111DA0EDAD,RDOOR,"#RDOOR# ",00111DA0EDAD,NULL,0,2016-07-31 07:22:26.000,10.0.170.250,2016-07-31 07:22:23.000,NULL
683829,Unknown User,,2016-07-31 04:22:26.000,CASE-IS-OPENED,00111DA0EDAD,RDOOR,"#RDOOR# ",00111DA0EDAD,NULL,0,2016-07-31 07:22:27.000,10.0.170.250,2016-07-31 07:22:26.000,NULL
683832,Unknown User,,2016-07-31 04:22:34.000,CASE-IS-CLOSED,00111DA0EDAD,RDOOR,"#RDOOR# ",00111DA0EDAD,NULL,0,2016-07-31 07:22:36.000,10.0.170.250,2016-07-31 07:22:34.000,NULL
683834,Unknown User,,2016-07-31 04:22:37.000,CASE-IS-OPENED,00111DA0EDAD,RDOOR,"#RDOOR# ",00111DA0EDAD,NULL,0,2016-07-31 07:22:39.000,10.0.170.250,2016-07-31 07:22:37.000,NULL
683927,Unknown User,,2016-07-31 04:35:11.000,CASE-IS-CLOSED,00111DA0EDAD,RDOOR,"#RDOOR# ",00111DA0EDAD,NULL,0,2016-07-31 07:35:12.000,10.0.170.250,2016-07-31 07:35:11.000,NULL
683928,Unknown User,,2016-07-31 04:35:12.000,CASE-IS-OPENED,00111DA0EDAD,RDOOR,"#RDOOR# ",00111DA0EDAD,NULL,0,2016-07-31 07:35:13.000,10.0.170.250,2016-07-31 07:35:12.000,NULL
683974,Unknown User,,2016-07-31 04:42:56.000,CASE-IS-CLOSED,00111DA0EDAD,RDOOR,"#RDOOR# ",00111DA0EDAD,NULL,0,2016-07-31 07:42:56.000,10.0.170.250,2016-07-31 07:42:56.000,NULL
683977,Unknown User,,2016-07-31 04:42:57.000,CASE-IS-OPENED,00111DA0EDAD,RDOOR,"#RDOOR# ",00111DA0EDAD,NULL,0,2016-07-31 07:43:00.000,10.0.170.250,2016-07-31 07:42:57.000,NULL
683978,Unknown User,,2016-07-31 04:43:16.000,CASE-IS-CLOSED,00111DA0EDAD,RDOOR,"#RDOOR# ",00111DA0EDAD,NULL,0,2016-07-31 07:43:17.000,10.0.170.250,2016-07-31 07:43:16.000,NULL
683979,Unknown User,,2016-07-31 04:43:22.000,CASE-IS-OPENED,00111DA0EDAD,RDOOR,"#RDOOR# ",00111DA0EDAD,NULL,0,2016-07-31 07:43:22.000,10.0.170.250,2016-07-31 07:43:22.000,NULL
683981,Unknown User,,2016-07-31 04:43:26.000,CASE-IS-CLOSED,00111DA0EDAD,RDOOR,"#RDOOR# ",00111DA0EDAD,NULL,0,2016-07-31 07:43:28.000,10.0.170.250,2016-07-31 07:43:26.000,NULL
683983,Unknown User,,2016-07-31 04:43:32.000,CASE-IS-OPENED,00111DA0EDAD,RDOOR,"#RDOOR# ",00111DA0EDAD,NULL,0,2016-07-31 07:43:33.000,10.0.170.250,2016-07-31 07:43:32.000,NULL
683984,Unknown User,,2016-07-31 04:43:35.000,CASE-IS-CLOSED,00111DA0EDAD,RDOOR,"#RDOOR# ",00111DA0EDAD,NULL,0,2016-07-31 07:43:37.000,10.0.170.250,2016-07-31 07:43:35.000,NULL
683985,Unknown User,,2016-07-31 04:43:38.000,CASE-IS-OPENED,00111DA0EDAD,RDOOR,"#RDOOR# ",00111DA0EDAD,NULL,0,2016-07-31 07:43:40.000,10.0.170.250,2016-07-31 07:43:38.000,NULL
683987,Unknown User,,2016-07-31 04:43:45.000,CASE-IS-CLOSED,00111DA0EDAD,RDOOR,"#RDOOR# ",00111DA0EDAD,NULL,0,2016-07-31 07:43:48.000,10.0.170.250,2016-07-31 07:43:45.000,NULL
683989,Unknown User,,2016-07-31 04:43:49.000,CASE-IS-OPENED,00111DA0EDAD,RDOOR,"#RDOOR# ",00111DA0EDAD,NULL,0,2016-07-31 07:43:51.000,10.0.170.250,2016-07-31 07:43:49.000,NULL
683990,Unknown User,,2016-07-31 04:43:53.000,CASE-IS-CLOSED,00111DA0EDAD,RDOOR,"#RDOOR# ",00111DA0EDAD,NULL,0,2016-07-31 07:43:54.000,10.0.170.250,2016-07-31 07:43:53.000,NULL
683991,Unknown User,,2016-07-31 04:43:57.000,CASE-IS-OPENED,00111DA0EDAD,RDOOR,"#RDOOR# ",00111DA0EDAD,NULL,0,2016-07-31 07:43:58.000,10.0.170.250,2016-07-31 07:43:57.000,NULL
683992,Unknown User,,2016-07-31 04:43:59.000,CASE-IS-CLOSED,00111DA0EDAD,RDOOR,"#RDOOR# ",00111DA0EDAD,NULL,0,2016-07-31 07:44:04.000,10.0.170.250,2016-07-31 07:43:59.000,NULL
683993,Unknown User,,2016-07-31 04:44:05.000,CASE-IS-OPENED,00111DA0EDAD,RDOOR,"#RDOOR# ",00111DA0EDAD,NULL,0,2016-07-31 07:44:05.000,10.0.170.250,2016-07-31 07:44:05.000,NULL
683995,Unknown User,,2016-07-31 04:44:11.000,CASE-IS-CLOSED,00111DA0EDAD,RDOOR,"#RDOOR# ",00111DA0EDAD,NULL,0,2016-07-31 07:44:11.000,10.0.170.250,2016-07-31 07:44:11.000,NULL
683996,Unknown User,,2016-07-31 04:44:12.000,CASE-IS-OPENED,00111DA0EDAD,RDOOR,"#RDOOR# ",00111DA0EDAD,NULL,0,2016-07-31 07:44:13.000,10.0.170.250,2016-07-31 07:44:12.000,NULL
684003,Unknown User,,2016-07-31 04:44:54.000,CASE-IS-CLOSED,00111DA0EDAD,RDOOR,"#RDOOR# ",00111DA0EDAD,NULL,0,2016-07-31 07:44:56.000,10.0.170.250,2016-07-31 07:44:54.000,NULL
684004,Unknown User,,2016-07-31 04:44:58.000,CASE-IS-OPENED,00111DA0EDAD,RDOOR,"#RDOOR# ",00111DA0EDAD,NULL,0,2016-07-31 07:44:59.000,10.0.170.250,2016-07-31 07:44:58.000,NULL
684005,Unknown User,,2016-07-31 04:45:06.000,CASE-IS-CLOSED,00111DA0EDAD,RDOOR,"#RDOOR# ",00111DA0EDAD,NULL,0,2016-07-31 07:45:07.000,10.0.170.250,2016-07-31 07:45:06.000,NULL
684006,Unknown User,,2016-07-31 04:45:08.000,CASE-IS-OPENED,00111DA0EDAD,RDOOR,"#RDOOR# ",00111DA0EDAD,NULL,0,2016-07-31 07:45:09.000,10.0.170.250,2016-07-31 07:45:08.000,NULL
684030,Unknown User,,2016-07-31 04:50:05.000,CASE-IS-CLOSED,00111DA0EDAD,RDOOR,"#RDOOR# ",00111DA0EDAD,NULL,0,2016-07-31 07:50:06.000,10.0.170.250,2016-07-31 07:50:05.000,NULL
684031,Unknown User,,2016-07-31 04:50:06.000,CASE-IS-OPENED,00111DA0EDAD,RDOOR,"#RDOOR# ",00111DA0EDAD,NULL,0,2016-07-31 07:50:07.000,10.0.170.250,2016-07-31 07:50:06.000,NULL
684052,Unknown User,,2016-07-31 04:52:58.000,CASE-IS-CLOSED,00111DA0EDAD,RDOOR,"#RDOOR# ",00111DA0EDAD,NULL,0,2016-07-31 07:52:59.000,10.0.170.250,2016-07-31 07:52:58.000,NULL
684053,Unknown User,,2016-07-31 04:53:00.000,CASE-IS-OPENED,00111DA0EDAD,RDOOR,"#RDOOR# ",00111DA0EDAD,NULL,0,2016-07-31 07:53:01.000,10.0.170.250,2016-07-31 07:53:00.000,NULL
684236,Unknown User,,2016-07-31 05:43:07.000,CASE-IS-CLOSED,00111DA0EDAD,RDOOR,"#RDOOR# ",00111DA0EDAD,NULL,0,2016-07-31 08:43:09.000,10.0.170.250,2016-07-31 08:43:07.000,NULL
684238,Unknown User,,2016-07-31 05:43:11.000,CASE-IS-OPENED,00111DA0EDAD,RDOOR,"#RDOOR# ",00111DA0EDAD,NULL,0,2016-07-31 08:43:14.000,10.0.170.250,2016-07-31 08:43:11.000,NULL
684328,Unknown User,,2016-07-31 06:32:01.000,CASE-IS-CLOSED,00111DA0EDAD,RDOOR,"#RDOOR# ",00111DA0EDAD,NULL,0,2016-07-31 09:32:02.000,10.0.170.250,2016-07-31 09:32:01.000,NULL
684329,Unknown User,,2016-07-31 06:32:05.000,CASE-IS-OPENED,00111DA0EDAD,RDOOR,"#RDOOR# ",00111DA0EDAD,NULL,0,2016-07-31 09:32:06.000,10.0.170.250,2016-07-31 09:32:05.000,NULL
684387,Unknown User,,2016-07-31 06:53:26.000,CASE-IS-CLOSED,00111DA0EDAD,RDOOR,"#RDOOR# ",00111DA0EDAD,NULL,0,2016-07-31 09:53:26.000,10.0.170.250,2016-07-31 09:53:26.000,NULL
684388,Unknown User,,2016-07-31 06:53:27.000,CASE-IS-OPENED,00111DA0EDAD,RDOOR,"#RDOOR# ",00111DA0EDAD,NULL,0,2016-07-31 09:53:28.000,10.0.170.250,2016-07-31 09:53:27.000,NULL
684389,Unknown User,,2016-07-31 06:53:31.000,CASE-IS-CLOSED,00111DA0EDAD,RDOOR,"#RDOOR# ",00111DA0EDAD,NULL,0,2016-07-31 09:53:31.000,10.0.170.250,2016-07-31 09:53:31.000,NULL
684390,Unknown User,,2016-07-31 06:53:32.000,CASE-IS-OPENED,00111DA0EDAD,RDOOR,"#RDOOR# ",00111DA0EDAD,NULL,0,2016-07-31 09:53:33.000,10.0.170.250,2016-07-31 09:53:32.000,NULL
684693,Unknown User,,2016-07-31 10:31:38.000,CASE-IS-CLOSED,00111DA0EDAD,RDOOR,"#RDOOR# ",00111DA0EDAD,NULL,0,2016-07-31 13:31:39.000,10.0.170.250,2016-07-31 13:31:38.000,NULL
684694,Unknown User,,2016-07-31 10:31:40.000,CASE-IS-OPENED,00111DA0EDAD,RDOOR,"#RDOOR# ",00111DA0EDAD,NULL,0,2016-07-31 13:31:41.000,10.0.170.250,2016-07-31 13:31:40.000,NULL
685593,Unknown User,,2016-08-01 02:13:12.000,CASE-IS-CLOSED,00111DA0EDAD,RDOOR,"#RDOOR# ",00111DA0EDAD,NULL,0,2016-08-01 05:13:13.000,10.0.170.250,2016-08-01 05:13:12.000,NULL
685595,Unknown User,,2016-08-01 02:13:14.000,CASE-IS-OPENED,00111DA0EDAD,RDOOR,"#RDOOR# ",00111DA0EDAD,NULL,0,2016-08-01 05:13:16.000,10.0.170.250,2016-08-01 05:13:14.000,NULL
685596,Unknown User,,2016-08-01 02:13:19.000,CASE-IS-CLOSED,00111DA0EDAD,RDOOR,"#RDOOR# ",00111DA0EDAD,NULL,0,2016-08-01 05:13:20.000,10.0.170.250,2016-08-01 05:13:19.000,NULL
685597,Unknown User,,2016-08-01 02:13:22.000,CASE-IS-OPENED,00111DA0EDAD,RDOOR,"#RDOOR# ",00111DA0EDAD,NULL,0,2016-08-01 05:13:24.000,10.0.170.250,2016-08-01 05:13:22.000,NULL
685635,Unknown User,,2016-08-01 03:13:24.000,CASE-IS-CLOSED,00111DA0EDAD,RDOOR,"#RDOOR# ",00111DA0EDAD,NULL,0,2016-08-01 06:13:27.000,10.0.170.250,2016-08-01 06:13:24.000,NULL
685637,Unknown User,,2016-08-01 03:13:28.000,CASE-IS-OPENED,00111DA0EDAD,RDOOR,"#RDOOR# ",00111DA0EDAD,NULL,0,2016-08-01 06:13:29.000,10.0.170.250,2016-08-01 06:13:28.000,NULL
685640,Unknown User,,2016-08-01 03:13:42.000,CASE-IS-CLOSED,00111DA0EDAD,RDOOR,"#RDOOR# ",00111DA0EDAD,NULL,0,2016-08-01 06:13:45.000,10.0.170.250,2016-08-01 06:13:42.000,NULL
685641,Unknown User,,2016-08-01 03:13:45.000,CASE-IS-OPENED,00111DA0EDAD,RDOOR,"#RDOOR# ",00111DA0EDAD,NULL,0,2016-08-01 06:13:46.000,10.0.170.250,2016-08-01 06:13:45.000,NULL
685720,Unknown User,,2016-08-01 03:36:13.000,CASE-IS-CLOSED,00111DA0EDAD,RDOOR,"#RDOOR# ",00111DA0EDAD,NULL,0,2016-08-01 06:36:19.000,10.0.170.250,2016-08-01 06:36:13.000,NULL
685721,Unknown User,,2016-08-01 03:36:17.000,CASE-IS-OPENED,00111DA0EDAD,RDOOR,"#RDOOR# ",00111DA0EDAD,NULL,0,2016-08-01 06:36:27.000,10.0.170.250,2016-08-01 06:36:17.000,NULL
685722,Unknown User,,2016-08-01 03:36:24.000,CASE-IS-CLOSED,00111DA0EDAD,RDOOR,"#RDOOR# ",00111DA0EDAD,NULL,0,2016-08-01 06:36:27.000,10.0.170.250,2016-08-01 06:36:24.000,NULL
685723,Unknown User,,2016-08-01 03:36:28.000,CASE-IS-OPENED,00111DA0EDAD,RDOOR,"#RDOOR# ",00111DA0EDAD,NULL,0,2016-08-01 06:36:29.000,10.0.170.250,2016-08-01 06:36:28.000,NULL
685724,Unknown User,,2016-08-01 03:36:30.000,CASE-IS-CLOSED,00111DA0EDAD,RDOOR,"#RDOOR# ",00111DA0EDAD,NULL,0,2016-08-01 06:36:31.000,10.0.170.250,2016-08-01 06:36:30.000,NULL
685725,Unknown User,,2016-08-01 03:36:32.000,CASE-IS-OPENED,00111DA0EDAD,RDOOR,"#RDOOR# ",00111DA0EDAD,NULL,0,2016-08-01 06:36:33.000,10.0.170.250,2016-08-01 06:36:32.000,NULL
685726,Unknown User,,2016-08-01 03:36:33.000,CASE-IS-CLOSED,00111DA0EDAD,RDOOR,"#RDOOR# ",00111DA0EDAD,NULL,0,2016-08-01 06:36:35.000,10.0.170.250,2016-08-01 06:36:33.000,NULL
685728,Unknown User,,2016-08-01 03:36:36.000,CASE-IS-OPENED,00111DA0EDAD,RDOOR,"#RDOOR# ",00111DA0EDAD,NULL,0,2016-08-01 06:36:38.000,10.0.170.250,2016-08-01 06:36:36.000,NULL
685735,Unknown User,,2016-08-01 03:37:24.000,CASE-IS-CLOSED,00111DA0EDAD,RDOOR,"#RDOOR# ",00111DA0EDAD,NULL,0,2016-08-01 06:37:29.000,10.0.170.250,2016-08-01 06:37:24.000,NULL
685736,Unknown User,,2016-08-01 03:37:31.000,CASE-IS-OPENED,00111DA0EDAD,RDOOR,"#RDOOR# ",00111DA0EDAD,NULL,0,2016-08-01 06:37:32.000,10.0.170.250,2016-08-01 06:37:31.000,NULL
685737,Unknown User,,2016-08-01 03:37:40.000,CASE-IS-CLOSED,00111DA0EDAD,RDOOR,"#RDOOR# ",00111DA0EDAD,NULL,0,2016-08-01 06:37:41.000,10.0.170.250,2016-08-01 06:37:40.000,NULL
685738,Unknown User,,2016-08-01 03:37:41.000,CASE-IS-OPENED,00111DA0EDAD,RDOOR,"#RDOOR# ",00111DA0EDAD,NULL,0,2016-08-01 06:37:42.000,10.0.170.250,2016-08-01 06:37:41.000,NULL
685739,Unknown User,,2016-08-01 03:37:43.000,CASE-IS-CLOSED,00111DA0EDAD,RDOOR,"#RDOOR# ",00111DA0EDAD,NULL,0,2016-08-01 06:37:47.000,10.0.170.250,2016-08-01 06:37:43.000,NULL
685740,Unknown User,,2016-08-01 03:37:46.000,CASE-IS-OPENED,00111DA0EDAD,RDOOR,"#RDOOR# ",00111DA0EDAD,NULL,0,2016-08-01 06:37:50.000,10.0.170.250,2016-08-01 06:37:46.000,NULL
685741,Unknown User,,2016-08-01 03:37:48.000,CASE-IS-CLOSED,00111DA0EDAD,RDOOR,"#RDOOR# ",00111DA0EDAD,NULL,0,2016-08-01 06:37:53.000,10.0.170.250,2016-08-01 06:37:48.000,NULL
685742,Unknown User,,2016-08-01 03:37:52.000,CASE-IS-OPENED,00111DA0EDAD,RDOOR,"#RDOOR# ",00111DA0EDAD,NULL,0,2016-08-01 06:37:58.000,10.0.170.250,2016-08-01 06:37:52.000,NULL
685743,Unknown User,,2016-08-01 03:37:54.000,CASE-IS-CLOSED,00111DA0EDAD,RDOOR,"#RDOOR# ",00111DA0EDAD,NULL,0,2016-08-01 06:38:01.000,10.0.170.250,2016-08-01 06:37:54.000,NULL
685744,Unknown User,,2016-08-01 03:37:59.000,CASE-IS-OPENED,00111DA0EDAD,RDOOR,"#RDOOR# ",00111DA0EDAD,NULL,0,2016-08-01 06:38:04.000,10.0.170.250,2016-08-01 06:37:59.000,NULL
685745,Unknown User,,2016-08-01 03:38:01.000,CASE-IS-CLOSED,00111DA0EDAD,RDOOR,"#RDOOR# ",00111DA0EDAD,NULL,0,2016-08-01 06:38:05.000,10.0.170.250,2016-08-01 06:38:01.000,NULL
685746,Unknown User,,2016-08-01 03:38:06.000,CASE-IS-OPENED,00111DA0EDAD,RDOOR,"#RDOOR# ",00111DA0EDAD,NULL,0,2016-08-01 06:38:08.000,10.0.170.250,2016-08-01 06:38:06.000,NULL
685748,Unknown User,,2016-08-01 03:38:15.000,CASE-IS-CLOSED,00111DA0EDAD,RDOOR,"#RDOOR# ",00111DA0EDAD,NULL,0,2016-08-01 06:38:20.000,10.0.170.250,2016-08-01 06:38:15.000,NULL
685749,Unknown User,,2016-08-01 03:38:19.000,CASE-IS-OPENED,00111DA0EDAD,RDOOR,"#RDOOR# ",00111DA0EDAD,NULL,0,2016-08-01 06:38:33.000,10.0.170.250,2016-08-01 06:38:19.000,NULL
685750,Unknown User,,2016-08-01 03:38:27.000,CASE-IS-CLOSED,00111DA0EDAD,RDOOR,"#RDOOR# ",00111DA0EDAD,NULL,0,2016-08-01 06:38:37.000,10.0.170.250,2016-08-01 06:38:27.000,NULL
685752,Unknown User,,2016-08-01 03:38:31.000,CASE-IS-OPENED,00111DA0EDAD,RDOOR,"#RDOOR# ",00111DA0EDAD,NULL,0,2016-08-01 06:38:45.000,10.0.170.250,2016-08-01 06:38:31.000,NULL
685753,Unknown User,,2016-08-01 03:38:37.000,CASE-IS-CLOSED,00111DA0EDAD,RDOOR,"#RDOOR# ",00111DA0EDAD,NULL,0,2016-08-01 06:38:50.000,10.0.170.250,2016-08-01 06:38:37.000,NULL
685757,Unknown User,,2016-08-01 03:38:41.000,CASE-IS-OPENED,00111DA0EDAD,RDOOR,"#RDOOR# ",00111DA0EDAD,NULL,0,2016-08-01 06:40:26.000,10.0.170.250,2016-08-01 06:38:41.000,NULL
685758,Unknown User,,2016-08-01 03:40:22.000,CASE-IS-CLOSED,00111DA0EDAD,RDOOR,"#RDOOR# ",00111DA0EDAD,NULL,0,2016-08-01 06:40:27.000,10.0.170.250,2016-08-01 06:40:22.000,NULL
685761,Unknown User,,2016-08-01 03:40:27.000,CASE-IS-OPENED,00111DA0EDAD,RDOOR,"#RDOOR# ",00111DA0EDAD,NULL,0,2016-08-01 06:40:43.000,10.0.170.250,2016-08-01 06:40:27.000,NULL
685762,Unknown User,,2016-08-01 03:40:40.000,CASE-IS-CLOSED,00111DA0EDAD,RDOOR,"#RDOOR# ",00111DA0EDAD,NULL,0,2016-08-01 06:40:44.000,10.0.170.250,2016-08-01 06:40:40.000,NULL
685764,Unknown User,,2016-08-01 03:40:44.000,CASE-IS-OPENED,00111DA0EDAD,RDOOR,"#RDOOR# ",00111DA0EDAD,NULL,0,2016-08-01 06:40:48.000,10.0.170.250,2016-08-01 06:40:44.000,NULL
685765,Unknown User,,2016-08-01 03:40:48.000,CASE-IS-CLOSED,00111DA0EDAD,RDOOR,"#RDOOR# ",00111DA0EDAD,NULL,0,2016-08-01 06:40:53.000,10.0.170.250,2016-08-01 06:40:48.000,NULL
685767,Unknown User,,2016-08-01 03:40:55.000,CASE-IS-OPENED,00111DA0EDAD,RDOOR,"#RDOOR# ",00111DA0EDAD,NULL,0,2016-08-01 06:40:58.000,10.0.170.250,2016-08-01 06:40:55.000,NULL
685768,Unknown User,,2016-08-01 03:40:57.000,CASE-IS-CLOSED,00111DA0EDAD,RDOOR,"#RDOOR# ",00111DA0EDAD,NULL,0,2016-08-01 06:41:00.000,10.0.170.250,2016-08-01 06:40:57.000,NULL
685769,Unknown User,,2016-08-01 03:41:01.000,CASE-IS-OPENED,00111DA0EDAD,RDOOR,"#RDOOR# ",00111DA0EDAD,NULL,0,2016-08-01 06:41:02.000,10.0.170.250,2016-08-01 06:41:01.000,NULL
685771,Unknown User,,2016-08-01 03:41:02.000,CASE-IS-CLOSED,00111DA0EDAD,RDOOR,"#RDOOR# ",00111DA0EDAD,NULL,0,2016-08-01 06:41:06.000,10.0.170.250,2016-08-01 06:41:02.000,NULL
685772,Unknown User,,2016-08-01 03:41:08.000,CASE-IS-OPENED,00111DA0EDAD,RDOOR,"#RDOOR# ",00111DA0EDAD,NULL,0,2016-08-01 06:41:10.000,10.0.170.250,2016-08-01 06:41:08.000,NULL
685774,Unknown User,,2016-08-01 03:41:10.000,CASE-IS-CLOSED,00111DA0EDAD,RDOOR,"#RDOOR# ",00111DA0EDAD,NULL,0,2016-08-01 06:41:15.000,10.0.170.250,2016-08-01 06:41:10.000,NULL
685775,Unknown User,,2016-08-01 03:41:15.000,CASE-IS-OPENED,00111DA0EDAD,RDOOR,"#RDOOR# ",00111DA0EDAD,NULL,0,2016-08-01 06:41:16.000,10.0.170.250,2016-08-01 06:41:15.000,NULL
685776,Unknown User,,2016-08-01 03:41:17.000,CASE-IS-CLOSED,00111DA0EDAD,RDOOR,"#RDOOR# ",00111DA0EDAD,NULL,0,2016-08-01 06:41:18.000,10.0.170.250,2016-08-01 06:41:17.000,NULL
685778,Unknown User,,2016-08-01 03:41:22.000,CASE-IS-OPENED,00111DA0EDAD,RDOOR,"#RDOOR# ",00111DA0EDAD,NULL,0,2016-08-01 06:41:26.000,10.0.170.250,2016-08-01 06:41:22.000,NULL
685779,Unknown User,,2016-08-01 03:41:26.000,CASE-IS-CLOSED,00111DA0EDAD,RDOOR,"#RDOOR# ",00111DA0EDAD,NULL,0,2016-08-01 06:41:28.000,10.0.170.250,2016-08-01 06:41:26.000,NULL
685781,Unknown User,,2016-08-01 03:41:28.000,CASE-IS-OPENED,00111DA0EDAD,RDOOR,"#RDOOR# ",00111DA0EDAD,NULL,0,2016-08-01 06:41:33.000,10.0.170.250,2016-08-01 06:41:28.000,NULL
685782,Unknown User,,2016-08-01 03:41:32.000,CASE-IS-CLOSED,00111DA0EDAD,RDOOR,"#RDOOR# ",00111DA0EDAD,NULL,0,2016-08-01 06:41:38.000,10.0.170.250,2016-08-01 06:41:32.000,NULL
685783,Unknown User,,2016-08-01 03:41:34.000,CASE-IS-OPENED,00111DA0EDAD,RDOOR,"#RDOOR# ",00111DA0EDAD,NULL,0,2016-08-01 06:41:41.000,10.0.170.250,2016-08-01 06:41:34.000,NULL
685785,Unknown User,,2016-08-01 03:41:40.000,CASE-IS-CLOSED,00111DA0EDAD,RDOOR,"#RDOOR# ",00111DA0EDAD,NULL,0,2016-08-01 06:41:44.000,10.0.170.250,2016-08-01 06:41:40.000,NULL
685786,Unknown User,,2016-08-01 03:41:44.000,CASE-IS-OPENED,00111DA0EDAD,RDOOR,"#RDOOR# ",00111DA0EDAD,NULL,0,2016-08-01 06:41:46.000,10.0.170.250,2016-08-01 06:41:44.000,NULL
685787,Unknown User,,2016-08-01 03:41:59.000,CASE-IS-CLOSED,00111DA0EDAD,RDOOR,"#RDOOR# ",00111DA0EDAD,NULL,0,2016-08-01 06:42:00.000,10.0.170.250,2016-08-01 06:41:59.000,NULL
685788,Unknown User,,2016-08-01 03:42:00.000,CASE-IS-OPENED,00111DA0EDAD,RDOOR,"#RDOOR# ",00111DA0EDAD,NULL,0,2016-08-01 06:42:02.000,10.0.170.250,2016-08-01 06:42:00.000,NULL
685789,Unknown User,,2016-08-01 03:42:06.000,CASE-IS-CLOSED,00111DA0EDAD,RDOOR,"#RDOOR# ",00111DA0EDAD,NULL,0,2016-08-01 06:42:08.000,10.0.170.250,2016-08-01 06:42:06.000,NULL
685791,Unknown User,,2016-08-01 03:42:11.000,CASE-IS-OPENED,00111DA0EDAD,RDOOR,"#RDOOR# ",00111DA0EDAD,NULL,0,2016-08-01 06:42:18.000,10.0.170.250,2016-08-01 06:42:11.000,NULL
685792,Unknown User,,2016-08-01 03:42:15.000,CASE-IS-CLOSED,00111DA0EDAD,RDOOR,"#RDOOR# ",00111DA0EDAD,NULL,0,2016-08-01 06:42:25.000,10.0.170.250,2016-08-01 06:42:15.000,NULL
685793,Unknown User,,2016-08-01 03:42:16.000,CASE-IS-OPENED,00111DA0EDAD,RDOOR,"#RDOOR# ",00111DA0EDAD,NULL,0,2016-08-01 06:42:25.000,10.0.170.250,2016-08-01 06:42:16.000,NULL
685794,Unknown User,,2016-08-01 03:42:18.000,CASE-IS-CLOSED,00111DA0EDAD,RDOOR,"#RDOOR# ",00111DA0EDAD,NULL,0,2016-08-01 06:42:28.000,10.0.170.250,2016-08-01 06:42:18.000,NULL
685797,Unknown User,,2016-08-01 03:42:22.000,CASE-IS-OPENED,00111DA0EDAD,RDOOR,"#RDOOR# ",00111DA0EDAD,NULL,0,2016-08-01 06:42:47.000,10.0.170.250,2016-08-01 06:42:22.000,NULL
685798,Unknown User,,2016-08-01 03:42:24.000,CASE-IS-CLOSED,00111DA0EDAD,RDOOR,"#RDOOR# ",00111DA0EDAD,NULL,0,2016-08-01 06:42:47.000,10.0.170.250,2016-08-01 06:42:24.000,NULL
685799,Unknown User,,2016-08-01 03:42:46.000,CASE-IS-OPENED,00111DA0EDAD,RDOOR,"#RDOOR# ",00111DA0EDAD,NULL,0,2016-08-01 06:42:47.000,10.0.170.250,2016-08-01 06:42:46.000,NULL
685800,Unknown User,,2016-08-01 03:42:49.000,CASE-IS-CLOSED,00111DA0EDAD,RDOOR,"#RDOOR# ",00111DA0EDAD,NULL,0,2016-08-01 06:42:52.000,10.0.170.250,2016-08-01 06:42:49.000,NULL
685801,Unknown User,,2016-08-01 03:42:52.000,CASE-IS-OPENED,00111DA0EDAD,RDOOR,"#RDOOR# ",00111DA0EDAD,NULL,0,2016-08-01 06:42:55.000,10.0.170.250,2016-08-01 06:42:52.000,NULL
685802,Unknown User,,2016-08-01 03:42:54.000,CASE-IS-CLOSED,00111DA0EDAD,RDOOR,"#RDOOR# ",00111DA0EDAD,NULL,0,2016-08-01 06:42:58.000,10.0.170.250,2016-08-01 06:42:54.000,NULL
685804,Unknown User,,2016-08-01 03:42:57.000,CASE-IS-OPENED,00111DA0EDAD,RDOOR,"#RDOOR# ",00111DA0EDAD,NULL,0,2016-08-01 06:42:59.000,10.0.170.250,2016-08-01 06:42:57.000,NULL
685806,Unknown User,,2016-08-01 03:43:46.000,CASE-IS-CLOSED,00111DA0EDAD,RDOOR,"#RDOOR# ",00111DA0EDAD,NULL,0,2016-08-01 06:43:49.000,10.0.170.250,2016-08-01 06:43:46.000,NULL
685807,Unknown User,,2016-08-01 03:43:49.000,CASE-IS-OPENED,00111DA0EDAD,RDOOR,"#RDOOR# ",00111DA0EDAD,NULL,0,2016-08-01 06:43:56.000,10.0.170.250,2016-08-01 06:43:49.000,NULL
685808,Unknown User,,2016-08-01 03:43:53.000,CASE-IS-CLOSED,00111DA0EDAD,RDOOR,"#RDOOR# ",00111DA0EDAD,NULL,0,2016-08-01 06:43:56.000,10.0.170.250,2016-08-01 06:43:53.000,NULL
685809,Unknown User,,2016-08-01 03:43:58.000,CASE-IS-OPENED,00111DA0EDAD,RDOOR,"#RDOOR# ",00111DA0EDAD,NULL,0,2016-08-01 06:43:59.000,10.0.170.250,2016-08-01 06:43:58.000,NULL
685810,Unknown User,,2016-08-01 03:44:00.000,CASE-IS-CLOSED,00111DA0EDAD,RDOOR,"#RDOOR# ",00111DA0EDAD,NULL,0,2016-08-01 06:44:03.000,10.0.170.250,2016-08-01 06:44:00.000,NULL
685811,Unknown User,,2016-08-01 03:44:06.000,CASE-IS-OPENED,00111DA0EDAD,RDOOR,"#RDOOR# ",00111DA0EDAD,NULL,0,2016-08-01 06:44:09.000,10.0.170.250,2016-08-01 06:44:06.000,NULL
685812,Unknown User,,2016-08-01 03:44:11.000,CASE-IS-CLOSED,00111DA0EDAD,RDOOR,"#RDOOR# ",00111DA0EDAD,NULL,0,2016-08-01 06:44:15.000,10.0.170.250,2016-08-01 06:44:11.000,NULL
685813,Unknown User,,2016-08-01 03:44:14.000,CASE-IS-OPENED,00111DA0EDAD,RDOOR,"#RDOOR# ",00111DA0EDAD,NULL,0,2016-08-01 06:44:24.000,10.0.170.250,2016-08-01 06:44:14.000,NULL
685814,Unknown User,,2016-08-01 03:44:22.000,CASE-IS-CLOSED,00111DA0EDAD,RDOOR,"#RDOOR# ",00111DA0EDAD,NULL,0,2016-08-01 06:44:25.000,10.0.170.250,2016-08-01 06:44:22.000,NULL
685815,Unknown User,,2016-08-01 03:44:23.000,CASE-IS-OPENED,00111DA0EDAD,RDOOR,"#RDOOR# ",00111DA0EDAD,NULL,0,2016-08-01 06:44:26.000,10.0.170.250,2016-08-01 06:44:23.000,NULL
685816,Unknown User,,2016-08-01 03:44:25.000,CASE-IS-CLOSED,00111DA0EDAD,RDOOR,"#RDOOR# ",00111DA0EDAD,NULL,0,2016-08-01 06:44:27.000,10.0.170.250,2016-08-01 06:44:25.000,NULL
685817,Unknown User,,2016-08-01 03:44:26.000,CASE-IS-OPENED,00111DA0EDAD,RDOOR,"#RDOOR# ",00111DA0EDAD,NULL,0,2016-08-01 06:44:31.000,10.0.170.250,2016-08-01 06:44:26.000,NULL
685818,Unknown User,,2016-08-01 03:44:27.000,CASE-IS-CLOSED,00111DA0EDAD,RDOOR,"#RDOOR# ",00111DA0EDAD,NULL,0,2016-08-01 06:44:32.000,10.0.170.250,2016-08-01 06:44:27.000,NULL
685829,Unknown User,,2016-08-01 03:44:32.000,CASE-IS-OPENED,00111DA0EDAD,RDOOR,"#RDOOR# ",00111DA0EDAD,NULL,0,2016-08-01 06:46:01.000,10.0.170.250,2016-08-01 06:44:32.000,NULL
685830,Unknown User,,2016-08-01 03:46:00.000,CASE-IS-CLOSED,00111DA0EDAD,RDOOR,"#RDOOR# ",00111DA0EDAD,NULL,0,2016-08-01 06:46:02.000,10.0.170.250,2016-08-01 06:46:00.000,NULL
685831,Unknown User,,2016-08-01 03:46:01.000,CASE-IS-OPENED,00111DA0EDAD,RDOOR,"#RDOOR# ",00111DA0EDAD,NULL,0,2016-08-01 06:46:03.000,10.0.170.250,2016-08-01 06:46:01.000,NULL
685844,Unknown User,,2016-08-01 03:48:48.000,CASE-IS-CLOSED,00111DA0EDAD,RDOOR,"#RDOOR# ",00111DA0EDAD,NULL,0,2016-08-01 06:48:51.000,10.0.170.250,2016-08-01 06:48:48.000,NULL
685845,Unknown User,,2016-08-01 03:48:49.000,CASE-IS-OPENED,00111DA0EDAD,RDOOR,"#RDOOR# ",00111DA0EDAD,NULL,0,2016-08-01 06:48:54.000,10.0.170.250,2016-08-01 06:48:49.000,NULL
685846,Unknown User,,2016-08-01 03:48:51.000,CASE-IS-CLOSED,00111DA0EDAD,RDOOR,"#RDOOR# ",00111DA0EDAD,NULL,0,2016-08-01 06:48:55.000,10.0.170.250,2016-08-01 06:48:51.000,NULL
685847,Unknown User,,2016-08-01 03:48:55.000,CASE-IS-OPENED,00111DA0EDAD,RDOOR,"#RDOOR# ",00111DA0EDAD,NULL,0,2016-08-01 06:48:57.000,10.0.170.250,2016-08-01 06:48:55.000,NULL
685851,Unknown User,,2016-08-01 03:49:15.000,CASE-IS-CLOSED,00111DA0EDAD,RDOOR,"#RDOOR# ",00111DA0EDAD,NULL,0,2016-08-01 06:49:19.000,10.0.170.250,2016-08-01 06:49:15.000,NULL
685852,Unknown User,,2016-08-01 03:49:20.000,CASE-IS-OPENED,00111DA0EDAD,RDOOR,"#RDOOR# ",00111DA0EDAD,NULL,0,2016-08-01 06:49:22.000,10.0.170.250,2016-08-01 06:49:20.000,NULL
685869,Unknown User,,2016-08-01 03:51:41.000,CASE-IS-CLOSED,00111DA0EDAD,RDOOR,"#RDOOR# ",00111DA0EDAD,NULL,0,2016-08-01 06:51:43.000,10.0.170.250,2016-08-01 06:51:41.000,NULL
685870,Unknown User,,2016-08-01 03:51:42.000,CASE-IS-OPENED,00111DA0EDAD,RDOOR,"#RDOOR# ",00111DA0EDAD,NULL,0,2016-08-01 06:51:44.000,10.0.170.250,2016-08-01 06:51:42.000,NULL
685919,Unknown User,,2016-08-01 03:56:43.000,CASE-IS-CLOSED,00111DA0EDAD,RDOOR,"#RDOOR# ",00111DA0EDAD,NULL,0,2016-08-01 06:56:47.000,10.0.170.250,2016-08-01 06:56:43.000,NULL
685971,Unknown User,,2016-08-01 03:56:46.000,CASE-IS-OPENED,00111DA0EDAD,RDOOR,"#RDOOR# ",00111DA0EDAD,NULL,0,2016-08-01 07:04:13.000,10.0.170.250,2016-08-01 06:56:46.000,NULL
685972,Unknown User,,2016-08-01 04:04:10.000,CASE-IS-CLOSED,00111DA0EDAD,RDOOR,"#RDOOR# ",00111DA0EDAD,NULL,0,2016-08-01 07:04:13.000,10.0.170.250,2016-08-01 07:04:10.000,NULL
685974,Unknown User,,2016-08-01 04:04:14.000,CASE-IS-OPENED,00111DA0EDAD,RDOOR,"#RDOOR# ",00111DA0EDAD,NULL,0,2016-08-01 07:04:15.000,10.0.170.250,2016-08-01 07:04:14.000,NULL
685975,Unknown User,,2016-08-01 04:04:19.000,CASE-IS-CLOSED,00111DA0EDAD,RDOOR,"#RDOOR# ",00111DA0EDAD,NULL,0,2016-08-01 07:04:20.000,10.0.170.250,2016-08-01 07:04:19.000,NULL
685977,Unknown User,,2016-08-01 04:04:20.000,CASE-IS-OPENED,00111DA0EDAD,RDOOR,"#RDOOR# ",00111DA0EDAD,NULL,0,2016-08-01 07:04:24.000,10.0.170.250,2016-08-01 07:04:20.000,NULL
685979,Unknown User,,2016-08-01 04:04:23.000,CASE-IS-CLOSED,00111DA0EDAD,RDOOR,"#RDOOR# ",00111DA0EDAD,NULL,0,2016-08-01 07:04:27.000,10.0.170.250,2016-08-01 07:04:23.000,NULL
685980,Unknown User,,2016-08-01 04:04:24.000,CASE-IS-OPENED,00111DA0EDAD,RDOOR,"#RDOOR# ",00111DA0EDAD,NULL,0,2016-08-01 07:04:27.000,10.0.170.250,2016-08-01 07:04:24.000,NULL
685981,Unknown User,,2016-08-01 04:04:25.000,CASE-IS-CLOSED,00111DA0EDAD,RDOOR,"#RDOOR# ",00111DA0EDAD,NULL,0,2016-08-01 07:04:30.000,10.0.170.250,2016-08-01 07:04:25.000,NULL
685982,Unknown User,,2016-08-01 04:04:26.000,CASE-IS-OPENED,00111DA0EDAD,RDOOR,"#RDOOR# ",00111DA0EDAD,NULL,0,2016-08-01 07:04:34.000,10.0.170.250,2016-08-01 07:04:26.000,NULL
685983,Unknown User,,2016-08-01 04:04:31.000,CASE-IS-CLOSED,00111DA0EDAD,RDOOR,"#RDOOR# ",00111DA0EDAD,NULL,0,2016-08-01 07:04:36.000,10.0.170.250,2016-08-01 07:04:31.000,NULL
685984,Unknown User,,2016-08-01 04:04:34.000,CASE-IS-OPENED,00111DA0EDAD,RDOOR,"#RDOOR# ",00111DA0EDAD,NULL,0,2016-08-01 07:04:38.000,10.0.170.250,2016-08-01 07:04:34.000,NULL
685986,Unknown User,,2016-08-01 04:04:36.000,CASE-IS-CLOSED,00111DA0EDAD,RDOOR,"#RDOOR# ",00111DA0EDAD,NULL,0,2016-08-01 07:04:39.000,10.0.170.250,2016-08-01 07:04:36.000,NULL
685987,Unknown User,,2016-08-01 04:04:39.000,CASE-IS-OPENED,00111DA0EDAD,RDOOR,"#RDOOR# ",00111DA0EDAD,NULL,0,2016-08-01 07:04:43.000,10.0.170.250,2016-08-01 07:04:39.000,NULL
685988,Unknown User,,2016-08-01 04:04:41.000,CASE-IS-CLOSED,00111DA0EDAD,RDOOR,"#RDOOR# ",00111DA0EDAD,NULL,0,2016-08-01 07:04:44.000,10.0.170.250,2016-08-01 07:04:41.000,NULL
685990,Unknown User,,2016-08-01 04:04:42.000,CASE-IS-OPENED,00111DA0EDAD,RDOOR,"#RDOOR# ",00111DA0EDAD,NULL,0,2016-08-01 07:04:46.000,10.0.170.250,2016-08-01 07:04:42.000,NULL
685991,Unknown User,,2016-08-01 04:04:44.000,CASE-IS-CLOSED,00111DA0EDAD,RDOOR,"#RDOOR# ",00111DA0EDAD,NULL,0,2016-08-01 07:04:46.000,10.0.170.250,2016-08-01 07:04:44.000,NULL
685992,Unknown User,,2016-08-01 04:04:45.000,CASE-IS-OPENED,00111DA0EDAD,RDOOR,"#RDOOR# ",00111DA0EDAD,NULL,0,2016-08-01 07:04:47.000,10.0.170.250,2016-08-01 07:04:45.000,NULL
685993,Unknown User,,2016-08-01 04:04:48.000,CASE-IS-CLOSED,00111DA0EDAD,RDOOR,"#RDOOR# ",00111DA0EDAD,NULL,0,2016-08-01 07:04:49.000,10.0.170.250,2016-08-01 07:04:48.000,NULL
685995,Unknown User,,2016-08-01 04:04:49.000,CASE-IS-OPENED,00111DA0EDAD,RDOOR,"#RDOOR# ",00111DA0EDAD,NULL,0,2016-08-01 07:04:51.000,10.0.170.250,2016-08-01 07:04:49.000,NULL
685996,Unknown User,,2016-08-01 04:04:51.000,CASE-IS-CLOSED,00111DA0EDAD,RDOOR,"#RDOOR# ",00111DA0EDAD,NULL,0,2016-08-01 07:04:52.000,10.0.170.250,2016-08-01 07:04:51.000,NULL
685997,Unknown User,,2016-08-01 04:04:52.000,CASE-IS-OPENED,00111DA0EDAD,RDOOR,"#RDOOR# ",00111DA0EDAD,NULL,0,2016-08-01 07:04:58.000,10.0.170.250,2016-08-01 07:04:52.000,NULL
685998,Unknown User,,2016-08-01 04:04:57.000,CASE-IS-CLOSED,00111DA0EDAD,RDOOR,"#RDOOR# ",00111DA0EDAD,NULL,0,2016-08-01 07:04:59.000,10.0.170.250,2016-08-01 07:04:57.000,NULL
685999,Unknown User,,2016-08-01 04:04:59.000,CASE-IS-OPENED,00111DA0EDAD,RDOOR,"#RDOOR# ",00111DA0EDAD,NULL,0,2016-08-01 07:05:00.000,10.0.170.250,2016-08-01 07:04:59.000,NULL
686002,Unknown User,,2016-08-01 04:05:01.000,CASE-IS-CLOSED,00111DA0EDAD,RDOOR,"#RDOOR# ",00111DA0EDAD,NULL,0,2016-08-01 07:05:02.000,10.0.170.250,2016-08-01 07:05:01.000,NULL
686003,Unknown User,,2016-08-01 04:05:05.000,CASE-IS-OPENED,00111DA0EDAD,RDOOR,"#RDOOR# ",00111DA0EDAD,NULL,0,2016-08-01 07:05:07.000,10.0.170.250,2016-08-01 07:05:05.000,NULL
686006,Unknown User,,2016-08-01 04:05:09.000,CASE-IS-CLOSED,00111DA0EDAD,RDOOR,"#RDOOR# ",00111DA0EDAD,NULL,0,2016-08-01 07:05:11.000,10.0.170.250,2016-08-01 07:05:09.000,NULL
686007,Unknown User,,2016-08-01 04:05:11.000,CASE-IS-OPENED,00111DA0EDAD,RDOOR,"#RDOOR# ",00111DA0EDAD,NULL,0,2016-08-01 07:05:14.000,10.0.170.250,2016-08-01 07:05:11.000,NULL
686009,Unknown User,,2016-08-01 04:05:12.000,CASE-IS-CLOSED,00111DA0EDAD,RDOOR,"#RDOOR# ",00111DA0EDAD,NULL,0,2016-08-01 07:05:15.000,10.0.170.250,2016-08-01 07:05:12.000,NULL
686011,Unknown User,,2016-08-01 04:05:13.000,CASE-IS-OPENED,00111DA0EDAD,RDOOR,"#RDOOR# ",00111DA0EDAD,NULL,0,2016-08-01 07:05:16.000,10.0.170.250,2016-08-01 07:05:13.000,NULL
686012,Unknown User,,2016-08-01 04:05:15.000,CASE-IS-CLOSED,00111DA0EDAD,RDOOR,"#RDOOR# ",00111DA0EDAD,NULL,0,2016-08-01 07:05:17.000,10.0.170.250,2016-08-01 07:05:15.000,NULL
686013,Unknown User,,2016-08-01 04:05:17.000,CASE-IS-OPENED,00111DA0EDAD,RDOOR,"#RDOOR# ",00111DA0EDAD,NULL,0,2016-08-01 07:05:19.000,10.0.170.250,2016-08-01 07:05:17.000,NULL
686014,Unknown User,,2016-08-01 04:05:19.000,CASE-IS-OPENED,00111DA0EDAD,RDOOR,"#RDOOR# ",00111DA0EDAD,NULL,0,2016-08-01 07:05:20.000,10.0.170.250,2016-08-01 07:05:19.000,NULL
686016,Unknown User,,2016-08-01 04:05:22.000,CASE-IS-CLOSED,00111DA0EDAD,RDOOR,"#RDOOR# ",00111DA0EDAD,NULL,0,2016-08-01 07:05:23.000,10.0.170.250,2016-08-01 07:05:22.000,NULL
686017,Unknown User,,2016-08-01 04:05:24.000,CASE-IS-OPENED,00111DA0EDAD,RDOOR,"#RDOOR# ",00111DA0EDAD,NULL,0,2016-08-01 07:05:25.000,10.0.170.250,2016-08-01 07:05:24.000,NULL
686018,Unknown User,,2016-08-01 04:05:26.000,CASE-IS-CLOSED,00111DA0EDAD,RDOOR,"#RDOOR# ",00111DA0EDAD,NULL,0,2016-08-01 07:05:26.000,10.0.170.250,2016-08-01 07:05:26.000,NULL
686019,Unknown User,,2016-08-01 04:05:27.000,CASE-IS-OPENED,00111DA0EDAD,RDOOR,"#RDOOR# ",00111DA0EDAD,NULL,0,2016-08-01 07:05:28.000,10.0.170.250,2016-08-01 07:05:27.000,NULL
686022,Unknown User,,2016-08-01 04:05:32.000,CASE-IS-CLOSED,00111DA0EDAD,RDOOR,"#RDOOR# ",00111DA0EDAD,NULL,0,2016-08-01 07:05:35.000,10.0.170.250,2016-08-01 07:05:32.000,NULL
686023,Unknown User,,2016-08-01 04:05:35.000,CASE-IS-OPENED,00111DA0EDAD,RDOOR,"#RDOOR# ",00111DA0EDAD,NULL,0,2016-08-01 07:05:37.000,10.0.170.250,2016-08-01 07:05:35.000,NULL
686024,Unknown User,,2016-08-01 04:05:40.000,CASE-IS-CLOSED,00111DA0EDAD,RDOOR,"#RDOOR# ",00111DA0EDAD,NULL,0,2016-08-01 07:05:43.000,10.0.170.250,2016-08-01 07:05:40.000,NULL
686025,Unknown User,,2016-08-01 04:05:43.000,CASE-IS-OPENED,00111DA0EDAD,RDOOR,"#RDOOR# ",00111DA0EDAD,NULL,0,2016-08-01 07:05:45.000,10.0.170.250,2016-08-01 07:05:43.000,NULL
686028,Unknown User,,2016-08-01 04:05:45.000,CASE-IS-CLOSED,00111DA0EDAD,RDOOR,"#RDOOR# ",00111DA0EDAD,NULL,0,2016-08-01 07:05:48.000,10.0.170.250,2016-08-01 07:05:45.000,NULL
686081,Unknown User,,2016-08-01 04:05:48.000,CASE-IS-OPENED,00111DA0EDAD,RDOOR,"#RDOOR# ",00111DA0EDAD,NULL,0,2016-08-01 07:14:35.000,10.0.170.250,2016-08-01 07:05:48.000,NULL
686089,Unknown User,,2016-08-01 04:15:07.000,CASE-IS-CLOSED,00111DA0EDAD,RDOOR,"#RDOOR# ",00111DA0EDAD,NULL,0,2016-08-01 07:15:11.000,10.0.170.250,2016-08-01 07:15:07.000,NULL
686093,Unknown User,,2016-08-01 04:15:08.000,CASE-IS-OPENED,00111DA0EDAD,RDOOR,"#RDOOR# ",00111DA0EDAD,NULL,0,2016-08-01 07:15:17.000,10.0.170.250,2016-08-01 07:15:08.000,NULL
686095,Unknown User,,2016-08-01 04:15:11.000,CASE-IS-CLOSED,00111DA0EDAD,RDOOR,"#RDOOR# ",00111DA0EDAD,NULL,0,2016-08-01 07:15:21.000,10.0.170.250,2016-08-01 07:15:11.000,NULL
686128,Unknown User,,2016-08-01 04:15:15.000,CASE-IS-OPENED,00111DA0EDAD,RDOOR,"#RDOOR# ",00111DA0EDAD,NULL,0,2016-08-01 07:18:14.000,10.0.170.250,2016-08-01 07:15:15.000,NULL
686130,Unknown User,,2016-08-01 04:18:08.000,CASE-IS-CLOSED,00111DA0EDAD,RDOOR,"#RDOOR# ",00111DA0EDAD,NULL,0,2016-08-01 07:18:19.000,10.0.170.250,2016-08-01 07:18:08.000,NULL
686132,Unknown User,,2016-08-01 04:18:10.000,CASE-IS-OPENED,00111DA0EDAD,RDOOR,"#RDOOR# ",00111DA0EDAD,NULL,0,2016-08-01 07:18:27.000,10.0.170.250,2016-08-01 07:18:10.000,NULL
686133,Unknown User,,2016-08-01 04:18:16.000,CASE-IS-CLOSED,00111DA0EDAD,RDOOR,"#RDOOR# ",00111DA0EDAD,NULL,0,2016-08-01 07:18:27.000,10.0.170.250,2016-08-01 07:18:16.000,NULL
686134,Unknown User,,2016-08-01 04:18:17.000,CASE-IS-CLOSED,00111DA0EDAD,RDOOR,"#RDOOR# ",00111DA0EDAD,NULL,0,2016-08-01 07:18:27.000,10.0.170.250,2016-08-01 07:18:17.000,NULL
686135,Unknown User,,2016-08-01 04:18:19.000,CASE-IS-OPENED,00111DA0EDAD,RDOOR,"#RDOOR# ",00111DA0EDAD,NULL,0,2016-08-01 07:18:27.000,10.0.170.250,2016-08-01 07:18:19.000,NULL
686136,Unknown User,,2016-08-01 04:18:20.000,CASE-IS-CLOSED,00111DA0EDAD,RDOOR,"#RDOOR# ",00111DA0EDAD,NULL,0,2016-08-01 07:18:33.000,10.0.170.250,2016-08-01 07:18:20.000,NULL
686147,Unknown User,,2016-08-01 04:18:23.000,CASE-IS-OPENED,00111DA0EDAD,RDOOR,"#RDOOR# ",00111DA0EDAD,NULL,0,2016-08-01 07:19:50.000,10.0.170.250,2016-08-01 07:18:23.000,NULL
686159,Unknown User,,2016-08-01 04:20:27.000,CASE-IS-CLOSED,00111DA0EDAD,RDOOR,"#RDOOR# ",00111DA0EDAD,NULL,0,2016-08-01 07:20:31.000,10.0.170.250,2016-08-01 07:20:27.000,NULL
686161,Unknown User,,2016-08-01 04:20:28.000,CASE-IS-OPENED,00111DA0EDAD,RDOOR,"#RDOOR# ",00111DA0EDAD,NULL,0,2016-08-01 07:20:38.000,10.0.170.250,2016-08-01 07:20:28.000,NULL
686163,Unknown User,,2016-08-01 04:20:35.000,CASE-IS-CLOSED,00111DA0EDAD,RDOOR,"#RDOOR# ",00111DA0EDAD,NULL,0,2016-08-01 07:20:42.000,10.0.170.250,2016-08-01 07:20:35.000,NULL
686184,Unknown User,,2016-08-01 04:20:36.000,CASE-IS-OPENED,00111DA0EDAD,RDOOR,"#RDOOR# ",00111DA0EDAD,NULL,0,2016-08-01 07:23:48.000,10.0.170.250,2016-08-01 07:20:36.000,NULL
686185,Unknown User,,2016-08-01 04:23:37.000,CASE-IS-CLOSED,00111DA0EDAD,RDOOR,"#RDOOR# ",00111DA0EDAD,NULL,0,2016-08-01 07:23:58.000,10.0.170.250,2016-08-01 07:23:37.000,NULL
686187,Unknown User,,2016-08-01 04:23:39.000,CASE-IS-OPENED,00111DA0EDAD,RDOOR,"#RDOOR# ",00111DA0EDAD,NULL,0,2016-08-01 07:24:14.000,10.0.170.250,2016-08-01 07:23:39.000,NULL
686188,Unknown User,,2016-08-01 04:23:40.000,CASE-IS-CLOSED,00111DA0EDAD,RDOOR,"#RDOOR# ",00111DA0EDAD,NULL,0,2016-08-01 07:24:14.000,10.0.170.250,2016-08-01 07:23:40.000,NULL
686189,Unknown User,,2016-08-01 04:23:43.000,CASE-IS-OPENED,00111DA0EDAD,RDOOR,"#RDOOR# ",00111DA0EDAD,NULL,0,2016-08-01 07:24:14.000,10.0.170.250,2016-08-01 07:23:43.000,NULL
686191,Unknown User,,2016-08-01 04:23:58.000,CASE-IS-CLOSED,00111DA0EDAD,RDOOR,"#RDOOR# ",00111DA0EDAD,NULL,0,2016-08-01 07:24:14.000,10.0.170.250,2016-08-01 07:23:58.000,NULL
686193,Unknown User,,2016-08-01 04:24:04.000,CASE-IS-OPENED,00111DA0EDAD,RDOOR,"#RDOOR# ",00111DA0EDAD,NULL,0,2016-08-01 07:24:22.000,10.0.170.250,2016-08-01 07:24:04.000,NULL
686202,Unknown User,,2016-08-01 04:24:06.000,CASE-IS-CLOSED,00111DA0EDAD,RDOOR,"#RDOOR# ",00111DA0EDAD,NULL,0,2016-08-01 07:25:23.000,10.0.170.250,2016-08-01 07:24:06.000,NULL
686203,Unknown User,,2016-08-01 04:24:08.000,CASE-IS-OPENED,00111DA0EDAD,RDOOR,"#RDOOR# ",00111DA0EDAD,NULL,0,2016-08-01 07:25:23.000,10.0.170.250,2016-08-01 07:24:08.000,NULL
686204,Unknown User,,2016-08-01 04:24:09.000,CASE-IS-CLOSED,00111DA0EDAD,RDOOR,"#RDOOR# ",00111DA0EDAD,NULL,0,2016-08-01 07:25:23.000,10.0.170.250,2016-08-01 07:24:09.000,NULL
686205,Unknown User,,2016-08-01 04:24:12.000,CASE-IS-OPENED,00111DA0EDAD,RDOOR,"#RDOOR# ",00111DA0EDAD,NULL,0,2016-08-01 07:25:23.000,10.0.170.250,2016-08-01 07:24:12.000,NULL
686209,Unknown User,,2016-08-01 04:25:16.000,CASE-IS-CLOSED,00111DA0EDAD,RDOOR,"#RDOOR# ",00111DA0EDAD,NULL,0,2016-08-01 07:25:28.000,10.0.170.250,2016-08-01 07:25:16.000,NULL
686210,Unknown User,,2016-08-01 04:25:18.000,CASE-IS-OPENED,00111DA0EDAD,RDOOR,"#RDOOR# ",00111DA0EDAD,NULL,0,2016-08-01 07:25:34.000,10.0.170.250,2016-08-01 07:25:18.000,NULL
686211,Unknown User,,2016-08-01 04:25:22.000,CASE-IS-CLOSED,00111DA0EDAD,RDOOR,"#RDOOR# ",00111DA0EDAD,NULL,0,2016-08-01 07:25:34.000,10.0.170.250,2016-08-01 07:25:22.000,NULL
686212,Unknown User,,2016-08-01 04:25:23.000,CASE-IS-OPENED,00111DA0EDAD,RDOOR,"#RDOOR# ",00111DA0EDAD,NULL,0,2016-08-01 07:25:34.000,10.0.170.250,2016-08-01 07:25:23.000,NULL
686213,Unknown User,,2016-08-01 04:25:25.000,CASE-IS-CLOSED,00111DA0EDAD,RDOOR,"#RDOOR# ",00111DA0EDAD,NULL,0,2016-08-01 07:25:34.000,10.0.170.250,2016-08-01 07:25:25.000,NULL
686218,Unknown User,,2016-08-01 04:25:29.000,CASE-IS-OPENED,00111DA0EDAD,RDOOR,"#RDOOR# ",00111DA0EDAD,NULL,0,2016-08-01 07:25:40.000,10.0.170.250,2016-08-01 07:25:29.000,NULL
686221,Unknown User,,2016-08-01 04:25:35.000,CASE-IS-CLOSED,00111DA0EDAD,RDOOR,"#RDOOR# ",00111DA0EDAD,NULL,0,2016-08-01 07:25:51.000,10.0.170.250,2016-08-01 07:25:35.000,NULL
686222,Unknown User,,2016-08-01 04:25:38.000,CASE-IS-OPENED,00111DA0EDAD,RDOOR,"#RDOOR# ",00111DA0EDAD,NULL,0,2016-08-01 07:25:51.000,10.0.170.250,2016-08-01 07:25:38.000,NULL
686224,Unknown User,,2016-08-01 04:25:43.000,CASE-IS-CLOSED,00111DA0EDAD,RDOOR,"#RDOOR# ",00111DA0EDAD,NULL,0,2016-08-01 07:25:57.000,10.0.170.250,2016-08-01 07:25:43.000,NULL
686226,Unknown User,,2016-08-01 04:25:45.000,CASE-IS-OPENED,00111DA0EDAD,RDOOR,"#RDOOR# ",00111DA0EDAD,NULL,0,2016-08-01 07:26:02.000,10.0.170.250,2016-08-01 07:25:45.000,NULL
686227,Unknown User,,2016-08-01 04:25:46.000,CASE-IS-CLOSED,00111DA0EDAD,RDOOR,"#RDOOR# ",00111DA0EDAD,NULL,0,2016-08-01 07:26:02.000,10.0.170.250,2016-08-01 07:25:46.000,NULL
686228,Unknown User,,2016-08-01 04:25:47.000,CASE-IS-OPENED,00111DA0EDAD,RDOOR,"#RDOOR# ",00111DA0EDAD,NULL,0,2016-08-01 07:26:02.000,10.0.170.250,2016-08-01 07:25:47.000,NULL
686229,Unknown User,,2016-08-01 04:25:48.000,CASE-IS-CLOSED,00111DA0EDAD,RDOOR,"#RDOOR# ",00111DA0EDAD,NULL,0,2016-08-01 07:26:02.000,10.0.170.250,2016-08-01 07:25:48.000,NULL
686238,Unknown User,,2016-08-01 04:25:57.000,CASE-IS-OPENED,00111DA0EDAD,RDOOR,"#RDOOR# ",00111DA0EDAD,NULL,0,2016-08-01 07:27:03.000,10.0.170.250,2016-08-01 07:25:57.000,NULL
686239,Unknown User,,2016-08-01 04:26:58.000,CASE-IS-CLOSED,00111DA0EDAD,RDOOR,"#RDOOR# ",00111DA0EDAD,NULL,0,2016-08-01 07:27:06.000,10.0.170.250,2016-08-01 07:26:58.000,NULL
686241,Unknown User,,2016-08-01 04:27:01.000,CASE-IS-OPENED,00111DA0EDAD,RDOOR,"#RDOOR# ",00111DA0EDAD,NULL,0,2016-08-01 07:27:13.000,10.0.170.250,2016-08-01 07:27:01.000,NULL
686243,Unknown User,,2016-08-01 04:27:08.000,CASE-IS-CLOSED,00111DA0EDAD,RDOOR,"#RDOOR# ",00111DA0EDAD,NULL,0,2016-08-01 07:27:16.000,10.0.170.250,2016-08-01 07:27:08.000,NULL
686264,Unknown User,,2016-08-01 04:27:13.000,CASE-IS-OPENED,00111DA0EDAD,RDOOR,"#RDOOR# ",00111DA0EDAD,NULL,0,2016-08-01 07:29:16.000,10.0.170.250,2016-08-01 07:27:13.000,NULL
686266,Unknown User,,2016-08-01 04:29:08.000,CASE-IS-CLOSED,00111DA0EDAD,RDOOR,"#RDOOR# ",00111DA0EDAD,NULL,0,2016-08-01 07:29:23.000,10.0.170.250,2016-08-01 07:29:08.000,NULL
686303,Unknown User,,2016-08-01 04:29:09.000,CASE-IS-OPENED,00111DA0EDAD,RDOOR,"#RDOOR# ",00111DA0EDAD,NULL,0,2016-08-01 07:38:53.000,10.0.170.250,2016-08-01 07:29:09.000,NULL
686315,Unknown User,,2016-08-01 04:41:37.000,CASE-IS-CLOSED,00111DA0EDAD,RDOOR,"#RDOOR# ",00111DA0EDAD,NULL,0,2016-08-01 07:41:42.000,10.0.170.250,2016-08-01 07:41:37.000,NULL
686316,Unknown User,,2016-08-01 04:41:42.000,CASE-IS-OPENED,00111DA0EDAD,RDOOR,"#RDOOR# ",00111DA0EDAD,NULL,0,2016-08-01 07:41:49.000,10.0.170.250,2016-08-01 07:41:42.000,NULL
686320,Unknown User,,2016-08-01 04:42:36.000,CASE-IS-CLOSED,00111DA0EDAD,RDOOR,"#RDOOR# ",00111DA0EDAD,NULL,0,2016-08-01 07:42:47.000,10.0.170.250,2016-08-01 07:42:36.000,NULL
686344,Unknown User,,2016-08-01 04:42:40.000,CASE-IS-OPENED,00111DA0EDAD,RDOOR,"#RDOOR# ",00111DA0EDAD,NULL,0,2016-08-01 07:46:34.000,10.0.170.250,2016-08-01 07:42:40.000,NULL
686347,Unknown User,,2016-08-01 04:46:26.000,CASE-IS-CLOSED,00111DA0EDAD,RDOOR,"#RDOOR# ",00111DA0EDAD,NULL,0,2016-08-01 07:46:42.000,10.0.170.250,2016-08-01 07:46:26.000,NULL
686349,Unknown User,,2016-08-01 04:46:28.000,CASE-IS-OPENED,00111DA0EDAD,RDOOR,"#RDOOR# ",00111DA0EDAD,NULL,0,2016-08-01 07:47:06.000,10.0.170.250,2016-08-01 07:46:28.000,NULL
686350,Unknown User,,2016-08-01 04:46:30.000,CASE-IS-OPENED,00111DA0EDAD,RDOOR,"#RDOOR# ",00111DA0EDAD,NULL,0,2016-08-01 07:47:06.000,10.0.170.250,2016-08-01 07:46:30.000,NULL
686355,Unknown User,,2016-08-01 04:47:25.000,CASE-IS-CLOSED,00111DA0EDAD,RDOOR,"#RDOOR# ",00111DA0EDAD,NULL,0,2016-08-01 07:47:30.000,10.0.170.250,2016-08-01 07:47:25.000,NULL
686357,Unknown User,,2016-08-01 04:47:27.000,CASE-IS-OPENED,00111DA0EDAD,RDOOR,"#RDOOR# ",00111DA0EDAD,NULL,0,2016-08-01 07:47:37.000,10.0.170.250,2016-08-01 07:47:27.000,NULL
686359,Unknown User,,2016-08-01 04:47:33.000,CASE-IS-CLOSED,00111DA0EDAD,RDOOR,"#RDOOR# ",00111DA0EDAD,NULL,0,2016-08-01 07:47:39.000,10.0.170.250,2016-08-01 07:47:33.000,NULL
686361,Unknown User,,2016-08-01 04:47:35.000,CASE-IS-OPENED,00111DA0EDAD,RDOOR,"#RDOOR# ",00111DA0EDAD,NULL,0,2016-08-01 07:47:43.000,10.0.170.250,2016-08-01 07:47:35.000,NULL
686363,Unknown User,,2016-08-01 04:47:42.000,CASE-IS-CLOSED,00111DA0EDAD,RDOOR,"#RDOOR# ",00111DA0EDAD,NULL,0,2016-08-01 07:47:46.000,10.0.170.250,2016-08-01 07:47:42.000,NULL
686364,Unknown User,,2016-08-01 04:47:46.000,CASE-IS-OPENED,00111DA0EDAD,RDOOR,"#RDOOR# ",00111DA0EDAD,NULL,0,2016-08-01 07:47:47.000,10.0.170.250,2016-08-01 07:47:46.000,NULL
686414,Unknown User,,2016-08-01 04:59:36.000,CASE-IS-CLOSED,00111DA0EDAD,RDOOR,"#RDOOR# ",00111DA0EDAD,NULL,0,2016-08-01 07:59:51.000,10.0.170.250,2016-08-01 07:59:36.000,NULL
686415,Unknown User,,2016-08-01 04:59:38.000,CASE-IS-OPENED,00111DA0EDAD,RDOOR,"#RDOOR# ",00111DA0EDAD,NULL,0,2016-08-01 08:00:04.000,10.0.170.250,2016-08-01 07:59:38.000,NULL
686416,Unknown User,,2016-08-01 04:59:39.000,CASE-IS-CLOSED,00111DA0EDAD,RDOOR,"#RDOOR# ",00111DA0EDAD,NULL,0,2016-08-01 08:00:05.000,10.0.170.250,2016-08-01 07:59:39.000,NULL
686417,Unknown User,,2016-08-01 04:59:40.000,CASE-IS-OPENED,00111DA0EDAD,RDOOR,"#RDOOR# ",00111DA0EDAD,NULL,0,2016-08-01 08:00:05.000,10.0.170.250,2016-08-01 07:59:40.000,NULL
686418,Unknown User,,2016-08-01 04:59:41.000,CASE-IS-CLOSED,00111DA0EDAD,RDOOR,"#RDOOR# ",00111DA0EDAD,NULL,0,2016-08-01 08:00:05.000,10.0.170.250,2016-08-01 07:59:41.000,NULL
686419,Unknown User,,2016-08-01 04:59:42.000,CASE-IS-OPENED,00111DA0EDAD,RDOOR,"#RDOOR# ",00111DA0EDAD,NULL,0,2016-08-01 08:00:05.000,10.0.170.250,2016-08-01 07:59:42.000,NULL
686420,Unknown User,,2016-08-01 04:59:44.000,CASE-IS-CLOSED,00111DA0EDAD,RDOOR,"#RDOOR# ",00111DA0EDAD,NULL,0,2016-08-01 08:00:05.000,10.0.170.250,2016-08-01 07:59:44.000,NULL
686421,Unknown User,,2016-08-01 04:59:45.000,CASE-IS-OPENED,00111DA0EDAD,RDOOR,"#RDOOR# ",00111DA0EDAD,NULL,0,2016-08-01 08:00:05.000,10.0.170.250,2016-08-01 07:59:45.000,NULL
686422,Unknown User,,2016-08-01 04:59:47.000,CASE-IS-CLOSED,00111DA0EDAD,RDOOR,"#RDOOR# ",00111DA0EDAD,NULL,0,2016-08-01 08:00:05.000,10.0.170.250,2016-08-01 07:59:47.000,NULL
686423,Unknown User,,2016-08-01 04:59:48.000,CASE-IS-OPENED,00111DA0EDAD,RDOOR,"#RDOOR# ",00111DA0EDAD,NULL,0,2016-08-01 08:00:05.000,10.0.170.250,2016-08-01 07:59:48.000,NULL
686424,Unknown User,,2016-08-01 04:59:50.000,CASE-IS-CLOSED,00111DA0EDAD,RDOOR,"#RDOOR# ",00111DA0EDAD,NULL,0,2016-08-01 08:00:05.000,10.0.170.250,2016-08-01 07:59:50.000,NULL
686426,Unknown User,,2016-08-01 04:59:51.000,CASE-IS-OPENED,00111DA0EDAD,RDOOR,"#RDOOR# ",00111DA0EDAD,NULL,0,2016-08-01 08:00:12.000,10.0.170.250,2016-08-01 07:59:51.000,NULL
686438,Unknown User,,2016-08-01 05:03:37.000,CASE-IS-CLOSED,00111DA0EDAD,RDOOR,"#RDOOR# ",00111DA0EDAD,NULL,0,2016-08-01 08:03:55.000,10.0.170.250,2016-08-01 08:03:37.000,NULL
686440,Unknown User,,2016-08-01 05:03:38.000,CASE-IS-OPENED,00111DA0EDAD,RDOOR,"#RDOOR# ",00111DA0EDAD,NULL,0,2016-08-01 08:04:07.000,10.0.170.250,2016-08-01 08:03:38.000,NULL
686441,Unknown User,,2016-08-01 05:03:40.000,CASE-IS-CLOSED,00111DA0EDAD,RDOOR,"#RDOOR# ",00111DA0EDAD,NULL,0,2016-08-01 08:04:07.000,10.0.170.250,2016-08-01 08:03:40.000,NULL
686442,Unknown User,,2016-08-01 05:03:41.000,CASE-IS-CLOSED,00111DA0EDAD,RDOOR,"#RDOOR# ",00111DA0EDAD,NULL,0,2016-08-01 08:04:08.000,10.0.170.250,2016-08-01 08:03:41.000,NULL
686443,Unknown User,,2016-08-01 05:03:42.000,CASE-IS-OPENED,00111DA0EDAD,RDOOR,"#RDOOR# ",00111DA0EDAD,NULL,0,2016-08-01 08:04:08.000,10.0.170.250,2016-08-01 08:03:42.000,NULL
686444,Unknown User,,2016-08-01 05:03:45.000,CASE-IS-CLOSED,00111DA0EDAD,RDOOR,"#RDOOR# ",00111DA0EDAD,NULL,0,2016-08-01 08:04:08.000,10.0.170.250,2016-08-01 08:03:45.000,NULL
686445,Unknown User,,2016-08-01 05:03:46.000,CASE-IS-OPENED,00111DA0EDAD,RDOOR,"#RDOOR# ",00111DA0EDAD,NULL,0,2016-08-01 08:04:08.000,10.0.170.250,2016-08-01 08:03:46.000,NULL
686446,Unknown User,,2016-08-01 05:03:47.000,CASE-IS-CLOSED,00111DA0EDAD,RDOOR,"#RDOOR# ",00111DA0EDAD,NULL,0,2016-08-01 08:04:08.000,10.0.170.250,2016-08-01 08:03:47.000,NULL
686447,Unknown User,,2016-08-01 05:03:49.000,CASE-IS-OPENED,00111DA0EDAD,RDOOR,"#RDOOR# ",00111DA0EDAD,NULL,0,2016-08-01 08:04:08.000,10.0.170.250,2016-08-01 08:03:49.000,NULL
686450,Unknown User,,2016-08-01 05:04:00.000,CASE-IS-CLOSED,00111DA0EDAD,RDOOR,"#RDOOR# ",00111DA0EDAD,NULL,0,2016-08-01 08:04:17.000,10.0.170.250,2016-08-01 08:04:00.000,NULL
686456,Unknown User,,2016-08-01 05:04:04.000,CASE-IS-OPENED,00111DA0EDAD,RDOOR,"#RDOOR# ",00111DA0EDAD,NULL,0,2016-08-01 08:04:45.000,10.0.170.250,2016-08-01 08:04:04.000,NULL
686457,Unknown User,,2016-08-01 05:04:07.000,CASE-IS-CLOSED,00111DA0EDAD,RDOOR,"#RDOOR# ",00111DA0EDAD,NULL,0,2016-08-01 08:04:45.000,10.0.170.250,2016-08-01 08:04:07.000,NULL
686458,Unknown User,,2016-08-01 05:04:08.000,CASE-IS-OPENED,00111DA0EDAD,RDOOR,"#RDOOR# ",00111DA0EDAD,NULL,0,2016-08-01 08:04:45.000,10.0.170.250,2016-08-01 08:04:08.000,NULL
686459,Unknown User,,2016-08-01 05:04:10.000,CASE-IS-CLOSED,00111DA0EDAD,RDOOR,"#RDOOR# ",00111DA0EDAD,NULL,0,2016-08-01 08:04:45.000,10.0.170.250,2016-08-01 08:04:10.000,NULL
686460,Unknown User,,2016-08-01 05:04:12.000,CASE-IS-OPENED,00111DA0EDAD,RDOOR,"#RDOOR# ",00111DA0EDAD,NULL,0,2016-08-01 08:04:45.000,10.0.170.250,2016-08-01 08:04:12.000,NULL
686462,Unknown User,,2016-08-01 05:04:37.000,CASE-IS-CLOSED,00111DA0EDAD,RDOOR,"#RDOOR# ",00111DA0EDAD,NULL,0,2016-08-01 08:04:53.000,10.0.170.250,2016-08-01 08:04:37.000,NULL
686651,Unknown User,,2016-08-01 05:04:40.000,CASE-IS-OPENED,00111DA0EDAD,RDOOR,"#RDOOR# ",00111DA0EDAD,NULL,0,2016-08-01 08:33:40.000,10.0.170.250,2016-08-01 08:04:40.000,NULL
710462,Unknown User,,2016-08-18 11:07:53.000,CASE-IS-CLOSED,00111DA0EDAF,RDOOR,"#RDOOR# ",00111DA0EDAF,NULL,0,2016-08-18 14:07:53.000,10.0.170.250,2016-08-18 14:07:53.000,NULL
